id,name,scientific_name,type,subspecies,status,population,habitat,lifespan,weight,height,threats,conservation_score,health_index,population_trend
1,Siberian Tiger,tigerus siberianensis,Tiger,Siberian,Critically Endangered,3500,Forest,15,94,91,"Deforestation, Climate Change",90,62,"[3280, 3465, 3004, 3246, 3537, 3657, 3158, 3770, 3102, 3719]"
2,Malayan Tiger,tigerus malayanensis,Tiger,Malayan,Critically Endangered,3500,Forest,9,246,88,"Habitat Loss, Climate Change",63,68,"[3503, 3673, 3642, 3677, 3608, 3529, 3212, 3898, 3379, 3775]"
3,Malayan Tiger,tigerus malayanensis,Tiger,Malayan,Endangered,3500,Forest,9,232,86,"Deforestation, Pollution, Human Conflict",75,70,"[3728, 3057, 3795, 3399, 3712, 3273, 3217, 3126, 3713, 3592]"
4,Bengal Tiger,tigerus bengalensis,Tiger,Bengal,Endangered,3500,Forest,10,253,91,"Human Conflict, Habitat Loss, Disease",82,43,"[3909, 3581, 3277, 3063, 3716, 3919, 3362, 3245, 3530, 3065]"
5,Bengal Tiger,tigerus bengalensis,Tiger,Bengal,Critically Endangered,3500,Forest,15,106,102,"Poaching, Disease, Deforestation",65,85,"[3632, 3579, 3149, 3746, 3251, 3771, 3163, 3778, 3464, 3453]"
6,Bengal Tiger,tigerus bengalensis,Tiger,Bengal,Critically Endangered,3500,Forest,15,167,80,"Poaching, Human Conflict, Habitat Loss",54,68,"[3249, 3078, 3668, 3647, 3267, 3673, 3891, 3211, 3755, 3201]"
7,Bengal Tiger,tigerus bengalensis,Tiger,Bengal,Critically Endangered,3500,Forest,9,272,102,"Human Conflict, Poaching, Disease",82,84,"[3381, 3316, 3793, 3158, 3940, 3341, 3065, 3315, 3997, 3194]"
8,Indochinese Tiger,tigerus indochineseensis,Tiger,Indochinese,Critically Endangered,3500,Forest,15,257,102,"Poaching, Habitat Loss",51,65,"[3585, 3140, 3644, 3194, 3753, 3539, 3689, 3006, 3923, 3041]"
9,Indochinese Tiger,tigerus indochineseensis,Tiger,Indochinese,Critically Endangered,3500,Forest,9,189,88,"Invasive Species, Disease",43,65,"[3332, 3112, 3589, 3684, 3518, 3127, 3415, 3558, 3132, 3228]"
10,Bengal Tiger,tigerus bengalensis,Tiger,Bengal,Endangered,3500,Forest,10,134,107,"Pollution, Poaching, Disease",71,69,"[3649, 3462, 3093, 3252, 3934, 3981, 3569, 3223, 3153, 3532]"
11,Bengal Tiger,tigerus bengalensis,Tiger,Bengal,Critically Endangered,3500,Forest,11,114,80,"Pollution, Climate Change, Disease",88,56,"[3164, 3708, 3644, 3547, 3546, 3544, 3848, 3360, 3041, 3257]"
12,Siberian Tiger,tigerus siberianensis,Tiger,Siberian,Critically Endangered,3500,Forest,12,182,110,"Human Conflict, Pollution, Invasive Species",44,55,"[3854, 3418, 3009, 3527, 3626, 3005, 3227, 3084, 3814, 3537]"
13,Sumatran Tiger,tigerus sumatranensis,Tiger,Sumatran,Endangered,3500,Forest,14,160,84,"Deforestation, Poaching",77,78,"[3593, 3991, 3286, 3205, 3863, 3032, 3528, 3637, 3303, 3962]"
14,Bengal Tiger,tigerus bengalensis,Tiger,Bengal,Endangered,3500,Forest,8,303,103,"Poaching, Invasive Species, Disease",88,59,"[3248, 3157, 3148, 3597, 3325, 3391, 3867, 3702, 3465, 3656]"
15,Malayan Tiger,tigerus malayanensis,Tiger,Malayan,Endangered,3500,Forest,14,120,104,"Poaching, Habitat Loss, Disease",37,78,"[3090, 3228, 3863, 3499, 3716, 3832, 3078, 3828, 3112, 3060]"
16,Siberian Tiger,tigerus siberianensis,Tiger,Siberian,Critically Endangered,3500,Forest,15,233,92,"Disease, Human Conflict, Climate Change",52,78,"[3683, 3331, 3616, 3230, 3242, 3711, 3065, 3128, 3294, 3071]"
17,Sumatran Tiger,tigerus sumatranensis,Tiger,Sumatran,Endangered,3500,Forest,8,262,98,"Deforestation, Habitat Loss, Pollution",90,56,"[3172, 3119, 3365, 3990, 3151, 3474, 3294, 3268, 3316, 3885]"
18,Indochinese Tiger,tigerus indochineseensis,Tiger,Indochinese,Endangered,3500,Forest,13,222,86,"Disease, Climate Change, Habitat Loss",53,65,"[3684, 3158, 3500, 3556, 3062, 3741, 3020, 3438, 3278, 3110]"
19,Indochinese Tiger,tigerus indochineseensis,Tiger,Indochinese,Critically Endangered,3500,Forest,10,198,102,"Deforestation, Habitat Loss",56,67,"[3818, 3800, 3348, 3846, 3228, 3052, 3936, 3459, 3588, 3540]"
20,Malayan Tiger,tigerus malayanensis,Tiger,Malayan,Endangered,3500,Forest,12,211,107,"Climate Change, Poaching, Deforestation",85,79,"[3471, 3818, 3772, 3198, 3443, 3391, 3248, 3016, 3547, 3133]"
21,Malayan Tiger,tigerus malayanensis,Tiger,Malayan,Critically Endangered,3500,Forest,8,90,105,"Climate Change, Habitat Loss",53,43,"[3868, 3903, 3253, 3807, 3394, 3731, 3380, 3008, 3525, 3338]"
22,Bengal Tiger,tigerus bengalensis,Tiger,Bengal,Critically Endangered,3500,Forest,12,308,90,"Habitat Loss, Climate Change",56,48,"[3137, 3086, 3568, 3914, 3312, 3979, 3541, 3928, 3716, 3194]"
23,Sumatran Tiger,tigerus sumatranensis,Tiger,Sumatran,Endangered,3500,Forest,10,189,105,"Invasive Species, Disease, Pollution",50,93,"[3396, 3284, 3214, 3857, 3441, 3244, 3445, 3634, 3426, 3792]"
24,Sumatran Tiger,tigerus sumatranensis,Tiger,Sumatran,Endangered,3500,Forest,15,131,106,"Disease, Human Conflict, Deforestation",69,78,"[3510, 3017, 3967, 3904, 3558, 3207, 3021, 3943, 3749, 3121]"
25,Sumatran Tiger,tigerus sumatranensis,Tiger,Sumatran,Endangered,3500,Forest,15,284,90,"Human Conflict, Disease, Pollution",90,40,"[3439, 3586, 3596, 3793, 3224, 3585, 3973, 3197, 3830, 3455]"
26,Malayan Tiger,tigerus malayanensis,Tiger,Malayan,Critically Endangered,3500,Forest,8,105,98,"Invasive Species, Habitat Loss, Climate Change",75,67,"[3534, 3147, 3625, 3930, 3104, 3592, 3786, 3614, 3928, 3780]"
27,Siberian Tiger,tigerus siberianensis,Tiger,Siberian,Critically Endangered,3500,Forest,8,278,88,"Invasive Species, Habitat Loss, Disease",57,67,"[3351, 3690, 3044, 3122, 3048, 3691, 3836, 3087, 3003, 3531]"
28,Sumatran Tiger,tigerus sumatranensis,Tiger,Sumatran,Critically Endangered,3500,Forest,15,137,102,"Invasive Species, Deforestation, Poaching",79,43,"[3229, 3162, 3780, 3527, 3184, 3570, 3444, 3363, 3572, 3874]"
29,Malayan Tiger,tigerus malayanensis,Tiger,Malayan,Endangered,3500,Forest,10,277,96,"Poaching, Deforestation, Invasive Species",68,41,"[3012, 3433, 3754, 3062, 3757, 3303, 3168, 3573, 3005, 3389]"
30,Malayan Tiger,tigerus malayanensis,Tiger,Malayan,Endangered,3500,Forest,8,280,102,"Human Conflict, Pollution",67,92,"[3823, 3535, 3951, 3094, 3220, 3184, 3269, 3209, 3642, 3327]"
31,Indochinese Tiger,tigerus indochineseensis,Tiger,Indochinese,Endangered,3500,Forest,11,151,92,"Poaching, Deforestation, Human Conflict",72,87,"[3889, 3057, 3947, 3308, 3802, 3127, 3238, 3428, 3236, 3869]"
32,Bengal Tiger,tigerus bengalensis,Tiger,Bengal,Critically Endangered,3500,Forest,8,297,95,"Poaching, Invasive Species, Climate Change",69,71,"[3718, 3173, 3538, 3864, 3454, 3184, 3984, 3985, 3821, 3146]"
33,Indochinese Tiger,tigerus indochineseensis,Tiger,Indochinese,Critically Endangered,3500,Forest,9,228,85,"Disease, Climate Change, Human Conflict",54,50,"[3637, 3846, 3702, 3790, 3456, 3046, 3230, 3390, 3213, 3717]"
34,Siberian Tiger,tigerus siberianensis,Tiger,Siberian,Critically Endangered,3500,Forest,15,249,84,"Human Conflict, Climate Change, Pollution",39,85,"[3184, 3923, 3430, 3843, 3755, 3392, 3105, 3218, 3886, 3224]"
35,Indochinese Tiger,tigerus indochineseensis,Tiger,Indochinese,Endangered,3500,Forest,10,290,109,"Habitat Loss, Invasive Species",72,50,"[3839, 3889, 3424, 3151, 3545, 3255, 3691, 3744, 3686, 3922]"
36,Bengal Tiger,tigerus bengalensis,Tiger,Bengal,Endangered,3500,Forest,15,160,102,"Pollution, Climate Change",81,69,"[3604, 3042, 3455, 3940, 3926, 3774, 3647, 3884, 3619, 3579]"
37,Siberian Tiger,tigerus siberianensis,Tiger,Siberian,Critically Endangered,3500,Forest,8,149,106,"Deforestation, Climate Change",53,48,"[3367, 3883, 3458, 3879, 3912, 3706, 3713, 3597, 3304, 3158]"
38,Siberian Tiger,tigerus siberianensis,Tiger,Siberian,Critically Endangered,3500,Forest,15,236,104,"Disease, Pollution",46,63,"[3833, 3813, 3327, 3094, 3900, 3324, 3445, 3052, 3299, 3478]"
39,Indochinese Tiger,tigerus indochineseensis,Tiger,Indochinese,Critically Endangered,3500,Forest,10,126,88,"Human Conflict, Climate Change",83,63,"[3293, 3869, 3593, 3598, 3400, 3033, 3204, 3309, 3099, 3174]"
40,Siberian Tiger,tigerus siberianensis,Tiger,Siberian,Endangered,3500,Forest,14,281,95,"Disease, Poaching",42,79,"[3300, 3773, 3957, 3665, 3483, 3426, 3539, 3890, 3570, 3856]"
41,Malayan Tiger,tigerus malayanensis,Tiger,Malayan,Critically Endangered,3500,Forest,11,151,95,"Human Conflict, Climate Change, Deforestation",75,45,"[3972, 3816, 3242, 3346, 3770, 3603, 3160, 3145, 3126, 3698]"
42,Sumatran Tiger,tigerus sumatranensis,Tiger,Sumatran,Critically Endangered,3500,Forest,14,184,95,"Pollution, Poaching",90,66,"[3088, 3621, 3974, 3987, 3037, 3314, 3179, 3163, 3140, 3962]"
43,Siberian Tiger,tigerus siberianensis,Tiger,Siberian,Endangered,3500,Forest,10,306,81,"Pollution, Climate Change",40,55,"[3634, 3810, 3882, 3222, 3294, 3257, 3552, 3453, 3173, 3093]"
44,Sumatran Tiger,tigerus sumatranensis,Tiger,Sumatran,Endangered,3500,Forest,8,125,109,"Human Conflict, Disease",69,59,"[3796, 3464, 3477, 3466, 3727, 3428, 3109, 3355, 3400, 3197]"
45,Indochinese Tiger,tigerus indochineseensis,Tiger,Indochinese,Endangered,3500,Forest,8,123,87,"Poaching, Human Conflict",33,83,"[3582, 3167, 3040, 3504, 3851, 3032, 3600, 3192, 3623, 3651]"
46,Sumatran Tiger,tigerus sumatranensis,Tiger,Sumatran,Endangered,3500,Forest,15,133,90,"Poaching, Disease",40,82,"[3014, 3945, 3426, 3041, 3629, 3775, 3435, 3958, 3939, 3282]"
47,Siberian Tiger,tigerus siberianensis,Tiger,Siberian,Critically Endangered,3500,Forest,14,186,105,"Human Conflict, Habitat Loss, Deforestation",53,45,"[3995, 3788, 3441, 3705, 3016, 3050, 3446, 3208, 3420, 3300]"
48,Siberian Tiger,tigerus siberianensis,Tiger,Siberian,Critically Endangered,3500,Forest,13,160,88,"Deforestation, Pollution, Disease",56,48,"[3289, 3064, 3614, 3923, 3981, 3297, 3705, 3260, 3525, 3891]"
49,Malayan Tiger,tigerus malayanensis,Tiger,Malayan,Critically Endangered,3500,Forest,12,282,99,"Pollution, Invasive Species",51,75,"[3882, 3691, 3811, 3057, 3762, 3976, 3828, 3148, 3116, 3291]"
50,Indochinese Tiger,tigerus indochineseensis,Tiger,Indochinese,Endangered,3500,Forest,14,236,91,"Deforestation, Pollution",39,52,"[3469, 3559, 3658, 3210, 3095, 3008, 3818, 3119, 3026, 3637]"
51,African Elephant,elephantus africanensis,Elephant,African,Vulnerable,415000,Savanna,57,5370,348,"Poaching, Disease, Human Conflict",43,67,"[415280, 415202, 414965, 414758, 415360, 415439, 414845, 415146, 414947, 414644]"
52,African Elephant,elephantus africanensis,Elephant,African,Vulnerable,415000,Savanna,52,3408,282,"Deforestation, Climate Change, Habitat Loss",57,90,"[414745, 415306, 415052, 414565, 415456, 414607, 415446, 415482, 414550, 415241]"
53,Savanna Elephant,elephantus savannaensis,Elephant,Savanna,Endangered,415000,Savanna,57,3533,252,"Human Conflict, Poaching, Pollution",35,94,"[414620, 414869, 415212, 414813, 415395, 415404, 415024, 415341, 414575, 414934]"
54,African Elephant,elephantus africanensis,Elephant,African,Endangered,415000,Savanna,59,4791,278,"Human Conflict, Climate Change",76,61,"[414952, 414758, 415212, 414716, 415305, 414939, 414878, 414871, 415423, 415020]"
55,African Elephant,elephantus africanensis,Elephant,African,Endangered,415000,Savanna,53,5278,311,"Invasive Species, Poaching, Disease",74,64,"[414599, 415151, 414875, 415296, 415461, 414783, 414736, 415227, 415215, 415077]"
56,Asian Elephant,elephantus asianensis,Elephant,Asian,Vulnerable,415000,Savanna,58,5561,292,"Deforestation, Invasive Species, Pollution",73,94,"[414633, 414576, 414751, 415318, 414692, 414755, 415027, 414756, 414753, 414551]"
57,Forest Elephant,elephantus forestensis,Elephant,Forest,Vulnerable,415000,Savanna,67,5999,353,"Pollution, Human Conflict, Poaching",59,84,"[414968, 414631, 415150, 415052, 415338, 414939, 414751, 414778, 414507, 414800]"
58,Savanna Elephant,elephantus savannaensis,Elephant,Savanna,Vulnerable,415000,Savanna,69,4539,265,"Climate Change, Invasive Species",83,48,"[415447, 415364, 414536, 415207, 414970, 415045, 415444, 414534, 415356, 415164]"
59,Asian Elephant,elephantus asianensis,Elephant,Asian,Endangered,415000,Savanna,63,3872,384,"Pollution, Deforestation, Invasive Species",64,56,"[414515, 415028, 414587, 415056, 414960, 415396, 414546, 415039, 414654, 414629]"
60,Asian Elephant,elephantus asianensis,Elephant,Asian,Vulnerable,415000,Savanna,64,5678,314,"Deforestation, Disease, Pollution",82,75,"[415389, 414579, 414792, 415176, 414891, 414785, 415065, 414769, 414826, 415371]"
61,Savanna Elephant,elephantus savannaensis,Elephant,Savanna,Vulnerable,415000,Savanna,60,5484,330,"Human Conflict, Disease, Climate Change",54,79,"[414722, 414939, 415122, 415305, 414751, 414720, 414851, 414970, 415031, 414524]"
62,Savanna Elephant,elephantus savannaensis,Elephant,Savanna,Vulnerable,415000,Savanna,51,3013,318,"Pollution, Climate Change",47,63,"[415038, 415485, 414605, 415289, 414955, 414507, 414860, 414813, 415459, 414691]"
63,Savanna Elephant,elephantus savannaensis,Elephant,Savanna,Endangered,415000,Savanna,59,3247,393,"Poaching, Pollution",80,65,"[415079, 414946, 415033, 415327, 414991, 415236, 414505, 415044, 415367, 414893]"
64,Savanna Elephant,elephantus savannaensis,Elephant,Savanna,Vulnerable,415000,Savanna,65,4214,315,"Poaching, Pollution",76,93,"[414787, 414921, 415406, 415351, 414872, 414745, 414680, 414597, 414587, 414989]"
65,Forest Elephant,elephantus forestensis,Elephant,Forest,Vulnerable,415000,Savanna,60,4934,319,"Deforestation, Disease, Pollution",58,54,"[415260, 415179, 414716, 415193, 415315, 415275, 415368, 415492, 415304, 415034]"
66,African Elephant,elephantus africanensis,Elephant,African,Endangered,415000,Savanna,68,4100,364,"Deforestation, Habitat Loss",61,56,"[415271, 414699, 414620, 414629, 415061, 415159, 415444, 415286, 414999, 415170]"
67,Asian Elephant,elephantus asianensis,Elephant,Asian,Vulnerable,415000,Savanna,57,3024,283,"Disease, Habitat Loss, Deforestation",31,73,"[414519, 414913, 415150, 414905, 415059, 415450, 415012, 415458, 414773, 414743]"
68,Savanna Elephant,elephantus savannaensis,Elephant,Savanna,Vulnerable,415000,Savanna,54,4473,293,"Poaching, Disease",50,93,"[415143, 414987, 414790, 414628, 414685, 415387, 414738, 414558, 415106, 415177]"
69,Forest Elephant,elephantus forestensis,Elephant,Forest,Vulnerable,415000,Savanna,52,5845,257,"Climate Change, Pollution",41,94,"[415150, 415250, 415050, 414707, 415265, 415268, 414879, 415309, 414558, 415009]"
70,Forest Elephant,elephantus forestensis,Elephant,Forest,Endangered,415000,Savanna,66,4357,397,"Deforestation, Pollution, Invasive Species",82,61,"[415416, 415482, 414758, 415195, 415238, 414842, 415212, 414523, 415118, 414677]"
71,Asian Elephant,elephantus asianensis,Elephant,Asian,Vulnerable,415000,Savanna,58,5804,360,"Deforestation, Poaching",62,54,"[415209, 415140, 415255, 415284, 415029, 414977, 414882, 414843, 414979, 415182]"
72,Savanna Elephant,elephantus savannaensis,Elephant,Savanna,Endangered,415000,Savanna,52,5515,308,"Poaching, Deforestation, Disease",48,71,"[414744, 415324, 415178, 415477, 415242, 415210, 414653, 415031, 415287, 414839]"
73,Forest Elephant,elephantus forestensis,Elephant,Forest,Vulnerable,415000,Savanna,50,4872,305,"Disease, Pollution, Habitat Loss",40,79,"[414986, 414601, 415240, 414752, 414980, 415275, 414621, 414819, 414517, 415441]"
74,Savanna Elephant,elephantus savannaensis,Elephant,Savanna,Endangered,415000,Savanna,58,4093,336,"Habitat Loss, Poaching, Deforestation",33,87,"[415375, 414629, 414767, 415356, 415348, 415343, 415044, 415224, 415131, 415005]"
75,Forest Elephant,elephantus forestensis,Elephant,Forest,Endangered,415000,Savanna,60,5092,251,"Disease, Deforestation",75,65,"[414732, 415449, 415392, 415466, 415275, 414644, 414583, 414692, 415442, 415449]"
76,Savanna Elephant,elephantus savannaensis,Elephant,Savanna,Vulnerable,415000,Savanna,54,4765,360,"Habitat Loss, Poaching, Disease",58,57,"[414713, 414636, 415453, 415481, 415469, 414849, 415101, 414943, 414933, 415429]"
77,African Elephant,elephantus africanensis,Elephant,African,Endangered,415000,Savanna,69,5730,251,"Invasive Species, Climate Change, Deforestation",60,72,"[414596, 414732, 415039, 415139, 414687, 414922, 414608, 414822, 414931, 414593]"
78,Savanna Elephant,elephantus savannaensis,Elephant,Savanna,Endangered,415000,Savanna,50,3131,294,"Habitat Loss, Invasive Species, Deforestation",72,64,"[415054, 414554, 415199, 415414, 414705, 415178, 415150, 415133, 415356, 415316]"
79,Savanna Elephant,elephantus savannaensis,Elephant,Savanna,Endangered,415000,Savanna,57,3802,293,"Deforestation, Pollution",37,75,"[414937, 414601, 415420, 415345, 414749, 415417, 414804, 415457, 415484, 414593]"
80,African Elephant,elephantus africanensis,Elephant,African,Endangered,415000,Savanna,60,3051,392,"Invasive Species, Climate Change",38,75,"[414740, 414739, 414759, 414822, 415338, 414527, 414711, 414867, 414678, 415328]"
81,Forest Elephant,elephantus forestensis,Elephant,Forest,Vulnerable,415000,Savanna,54,5551,388,"Human Conflict, Invasive Species",73,58,"[414867, 415248, 415447, 415286, 414819, 414652, 414562, 415197, 414751, 415304]"
82,Forest Elephant,elephantus forestensis,Elephant,Forest,Endangered,415000,Savanna,63,5308,342,"Human Conflict, Deforestation, Invasive Species",32,78,"[415285, 414567, 415464, 415037, 414806, 415133, 414918, 415408, 415030, 415488]"
83,Asian Elephant,elephantus asianensis,Elephant,Asian,Endangered,415000,Savanna,66,3511,343,"Poaching, Climate Change, Deforestation",30,48,"[415187, 415439, 414534, 414910, 414674, 415488, 414548, 414997, 414645, 415151]"
84,Forest Elephant,elephantus forestensis,Elephant,Forest,Endangered,415000,Savanna,66,3786,308,"Invasive Species, Disease",32,50,"[415063, 415343, 415258, 414609, 414987, 415399, 414766, 415386, 415008, 414843]"
85,African Elephant,elephantus africanensis,Elephant,African,Vulnerable,415000,Savanna,69,5970,399,"Habitat Loss, Disease, Deforestation",60,45,"[415385, 415198, 414665, 415194, 415204, 414645, 415009, 415479, 414640, 414828]"
86,Asian Elephant,elephantus asianensis,Elephant,Asian,Vulnerable,415000,Savanna,64,4204,339,"Human Conflict, Deforestation, Pollution",36,79,"[415433, 414736, 414970, 415210, 415430, 415427, 415231, 414888, 415067, 415353]"
87,Forest Elephant,elephantus forestensis,Elephant,Forest,Endangered,415000,Savanna,62,3130,400,"Disease, Deforestation",49,69,"[414836, 414646, 414606, 414600, 414693, 414905, 414815, 414907, 414990, 414843]"
88,African Elephant,elephantus africanensis,Elephant,African,Endangered,415000,Savanna,68,5534,338,"Climate Change, Deforestation, Habitat Loss",63,64,"[415419, 414866, 414980, 415257, 415221, 414783, 415495, 414678, 415489, 415342]"
89,Forest Elephant,elephantus forestensis,Elephant,Forest,Vulnerable,415000,Savanna,57,5668,347,"Climate Change, Deforestation, Human Conflict",55,82,"[415490, 414673, 415353, 414800, 414511, 415012, 414543, 415094, 414842, 414863]"
90,Savanna Elephant,elephantus savannaensis,Elephant,Savanna,Vulnerable,415000,Savanna,50,4459,301,"Deforestation, Invasive Species, Human Conflict",59,66,"[415474, 415088, 415297, 415022, 415128, 414640, 414919, 415496, 415446, 415127]"
91,White Rhino,rhinous whiteensis,Rhino,White,Critically Endangered,27000,Savanna,41,1561,158,"Pollution, Disease, Poaching",68,91,"[27123, 27010, 27450, 27174, 27424, 27302, 26611, 27272, 27477, 26815]"
92,Sumatran Rhino,rhinous sumatranensis,Rhino,Sumatran,Endangered,27000,Savanna,37,1431,160,"Pollution, Deforestation",89,92,"[27158, 27055, 27484, 26973, 26727, 26783, 27073, 26572, 26951, 26615]"
93,Sumatran Rhino,rhinous sumatranensis,Rhino,Sumatran,Critically Endangered,27000,Savanna,43,1200,182,"Poaching, Pollution",36,65,"[27110, 27081, 26633, 27295, 27120, 26962, 27072, 26835, 27241, 27476]"
94,Black Rhino,rhinous blackensis,Rhino,Black,Endangered,27000,Savanna,50,805,161,"Pollution, Poaching, Deforestation",49,82,"[26650, 26732, 27261, 26826, 27484, 27243, 26670, 26662, 27457, 27323]"
95,Black Rhino,rhinous blackensis,Rhino,Black,Endangered,27000,Savanna,39,1742,176,"Human Conflict, Deforestation, Poaching",68,86,"[27296, 27490, 27389, 27024, 26889, 26907, 26578, 26586, 27489, 26690]"
96,Black Rhino,rhinous blackensis,Rhino,Black,Critically Endangered,27000,Savanna,37,1284,184,"Pollution, Deforestation",74,55,"[27291, 26534, 26698, 27294, 27287, 26572, 27142, 26674, 27425, 26782]"
97,Indian Rhino,rhinous indianensis,Rhino,Indian,Critically Endangered,27000,Savanna,42,913,192,"Invasive Species, Poaching",40,74,"[26934, 27118, 26594, 26501, 26904, 27001, 26672, 27066, 26933, 26846]"
98,Black Rhino,rhinous blackensis,Rhino,Black,Critically Endangered,27000,Savanna,39,938,175,"Invasive Species, Poaching",48,78,"[27308, 27077, 26638, 26675, 26503, 27175, 26676, 26996, 27399, 26588]"
99,White Rhino,rhinous whiteensis,Rhino,White,Critically Endangered,27000,Savanna,48,1877,187,"Habitat Loss, Invasive Species, Poaching",87,73,"[27313, 27029, 27303, 27186, 27153, 27257, 26705, 27371, 26756, 27405]"
100,White Rhino,rhinous whiteensis,Rhino,White,Endangered,27000,Savanna,37,1470,154,"Disease, Poaching, Human Conflict",87,86,"[26565, 26852, 27363, 27366, 27446, 27377, 27366, 26717, 26882, 26774]"
101,White Rhino,rhinous whiteensis,Rhino,White,Endangered,27000,Savanna,43,1475,191,"Pollution, Climate Change",31,95,"[26850, 27495, 27172, 27056, 27232, 26794, 27131, 26500, 26514, 27268]"
102,Indian Rhino,rhinous indianensis,Rhino,Indian,Endangered,27000,Savanna,35,1489,185,"Pollution, Human Conflict, Deforestation",64,64,"[26915, 26531, 27472, 26599, 27426, 26856, 27138, 27003, 26935, 26970]"
103,White Rhino,rhinous whiteensis,Rhino,White,Critically Endangered,27000,Savanna,37,1261,170,"Disease, Human Conflict",59,44,"[27451, 26769, 27046, 27367, 27278, 26632, 26703, 26931, 26825, 27057]"
104,Javan Rhino,rhinous javanensis,Rhino,Javan,Endangered,27000,Savanna,39,1135,162,"Deforestation, Invasive Species, Climate Change",76,45,"[26724, 27220, 26927, 27453, 27463, 27069, 26590, 27464, 26659, 27269]"
105,Indian Rhino,rhinous indianensis,Rhino,Indian,Endangered,27000,Savanna,36,1799,183,"Poaching, Deforestation",64,45,"[27054, 27359, 27148, 27336, 26876, 27185, 26881, 27231, 26736, 27406]"
106,Sumatran Rhino,rhinous sumatranensis,Rhino,Sumatran,Endangered,27000,Savanna,39,1254,178,"Human Conflict, Deforestation",69,71,"[27446, 27221, 27442, 26679, 26899, 27089, 26729, 27055, 26974, 27303]"
107,White Rhino,rhinous whiteensis,Rhino,White,Endangered,27000,Savanna,36,1156,190,"Poaching, Human Conflict",68,86,"[26959, 27347, 26854, 26801, 27348, 27306, 26997, 26568, 26796, 27012]"
108,Javan Rhino,rhinous javanensis,Rhino,Javan,Endangered,27000,Savanna,47,1054,175,"Human Conflict, Disease",38,53,"[26503, 27003, 27422, 27466, 26601, 27448, 27062, 27386, 27464, 26609]"
109,Indian Rhino,rhinous indianensis,Rhino,Indian,Critically Endangered,27000,Savanna,48,1941,163,"Habitat Loss, Poaching",88,76,"[26834, 27015, 26936, 26767, 27304, 26827, 26689, 27333, 26627, 26628]"
110,Black Rhino,rhinous blackensis,Rhino,Black,Endangered,27000,Savanna,49,1488,197,"Human Conflict, Habitat Loss",45,87,"[27497, 27461, 26928, 26960, 27112, 26550, 26917, 27139, 26550, 27044]"
111,Sumatran Rhino,rhinous sumatranensis,Rhino,Sumatran,Endangered,27000,Savanna,44,1734,187,"Deforestation, Human Conflict, Climate Change",46,44,"[26719, 27448, 26917, 27168, 26687, 27080, 26677, 26976, 26629, 26631]"
112,Sumatran Rhino,rhinous sumatranensis,Rhino,Sumatran,Critically Endangered,27000,Savanna,41,867,169,"Human Conflict, Disease",67,89,"[27115, 26870, 26898, 26782, 26681, 26623, 26973, 27345, 26883, 27321]"
113,White Rhino,rhinous whiteensis,Rhino,White,Critically Endangered,27000,Savanna,49,1572,167,"Disease, Habitat Loss",72,83,"[27169, 26513, 27034, 26765, 27421, 27088, 26784, 26905, 27036, 27189]"
114,Indian Rhino,rhinous indianensis,Rhino,Indian,Endangered,27000,Savanna,46,1010,188,"Deforestation, Habitat Loss",80,88,"[26706, 27115, 27264, 26876, 27103, 27482, 26963, 27256, 26542, 26634]"
115,Sumatran Rhino,rhinous sumatranensis,Rhino,Sumatran,Critically Endangered,27000,Savanna,45,1378,169,"Poaching, Human Conflict, Pollution",36,52,"[27125, 27271, 26555, 27414, 27220, 26883, 26637, 27480, 27011, 26668]"
116,Javan Rhino,rhinous javanensis,Rhino,Javan,Critically Endangered,27000,Savanna,35,1879,161,"Deforestation, Habitat Loss",30,71,"[27315, 26593, 26737, 27324, 26571, 27319, 26537, 26775, 26885, 27340]"
117,Sumatran Rhino,rhinous sumatranensis,Rhino,Sumatran,Critically Endangered,27000,Savanna,37,1894,200,"Poaching, Disease",44,42,"[26921, 26916, 27071, 27054, 26749, 27119, 27268, 27445, 27249, 27371]"
118,Sumatran Rhino,rhinous sumatranensis,Rhino,Sumatran,Endangered,27000,Savanna,43,1466,199,"Human Conflict, Invasive Species",53,84,"[27081, 27139, 27354, 26648, 27234, 26979, 27318, 27414, 26805, 27115]"
119,Sumatran Rhino,rhinous sumatranensis,Rhino,Sumatran,Critically Endangered,27000,Savanna,43,2010,179,"Invasive Species, Human Conflict",38,76,"[27043, 26962, 26740, 27038, 27054, 27187, 27483, 27419, 26930, 26684]"
120,White Rhino,rhinous whiteensis,Rhino,White,Endangered,27000,Savanna,37,1773,155,"Pollution, Habitat Loss, Deforestation",88,80,"[26571, 27297, 26568, 26588, 27151, 27324, 26675, 27245, 26822, 27397]"
121,Qinling Panda,pandaus qinlingensis,Panda,Qinling,Vulnerable,1864,Forest,20,124,86,"Poaching, Deforestation, Habitat Loss",77,55,"[1813, 1945, 1668, 1475, 2001, 1610, 2024, 1601, 2111, 1534]"
122,Giant Panda,pandaus giantensis,Panda,Giant,Vulnerable,1864,Forest,15,147,64,"Human Conflict, Habitat Loss",56,63,"[2164, 1684, 1394, 1785, 2237, 1873, 1775, 1561, 2277, 1770]"
123,Qinling Panda,pandaus qinlingensis,Panda,Qinling,Endangered,1864,Forest,17,83,61,"Poaching, Climate Change, Pollution",68,44,"[1815, 1870, 1944, 1926, 1406, 2300, 2181, 1461, 1465, 1901]"
124,Qinling Panda,pandaus qinlingensis,Panda,Qinling,Vulnerable,1864,Forest,17,98,64,"Habitat Loss, Human Conflict, Poaching",34,63,"[1521, 2255, 1819, 2361, 2126, 2160, 1644, 1611, 2342, 2212]"
125,Red Panda,pandaus redensis,Panda,Red,Vulnerable,1864,Forest,20,99,80,"Deforestation, Invasive Species",79,80,"[1987, 2065, 1984, 2048, 2194, 2108, 1390, 1951, 1993, 2022]"
126,Red Panda,pandaus redensis,Panda,Red,Endangered,1864,Forest,19,105,61,"Invasive Species, Climate Change",70,58,"[1884, 1884, 2165, 1406, 1530, 1974, 1494, 2312, 1960, 1709]"
127,Red Panda,pandaus redensis,Panda,Red,Endangered,1864,Forest,17,89,67,"Deforestation, Human Conflict",77,79,"[1722, 1929, 1381, 2132, 1499, 1456, 1592, 2098, 1510, 1779]"
128,Red Panda,pandaus redensis,Panda,Red,Endangered,1864,Forest,19,102,89,"Habitat Loss, Human Conflict, Climate Change",83,93,"[2322, 1469, 1396, 1448, 1881, 1722, 2230, 1723, 1466, 1424]"
129,Qinling Panda,pandaus qinlingensis,Panda,Qinling,Vulnerable,1864,Forest,15,142,88,"Human Conflict, Poaching",80,66,"[1376, 2224, 1900, 1607, 1647, 1591, 1442, 1608, 1430, 2111]"
130,Qinling Panda,pandaus qinlingensis,Panda,Qinling,Vulnerable,1864,Forest,19,123,88,"Deforestation, Human Conflict",90,80,"[1383, 1645, 1987, 2245, 1888, 1646, 1991, 2083, 1467, 1757]"
131,Qinling Panda,pandaus qinlingensis,Panda,Qinling,Endangered,1864,Forest,18,154,88,"Deforestation, Poaching, Human Conflict",39,63,"[2111, 1440, 1859, 1369, 2267, 1772, 1367, 2334, 2251, 2037]"
132,Giant Panda,pandaus giantensis,Panda,Giant,Endangered,1864,Forest,20,91,89,"Poaching, Deforestation",66,57,"[1919, 1367, 1659, 1636, 2253, 1862, 1614, 1945, 1793, 2303]"
133,Giant Panda,pandaus giantensis,Panda,Giant,Endangered,1864,Forest,16,148,68,"Invasive Species, Pollution",90,86,"[2229, 1623, 1521, 1895, 2349, 1672, 1838, 1457, 1779, 2160]"
134,Red Panda,pandaus redensis,Panda,Red,Endangered,1864,Forest,17,151,87,"Human Conflict, Poaching",84,41,"[2198, 1713, 1868, 1632, 2309, 2224, 1484, 1702, 2313, 2324]"
135,Red Panda,pandaus redensis,Panda,Red,Endangered,1864,Forest,15,122,71,"Habitat Loss, Invasive Species, Climate Change",72,60,"[1376, 2235, 2056, 2165, 1708, 2151, 2153, 2278, 1795, 1613]"
136,Giant Panda,pandaus giantensis,Panda,Giant,Vulnerable,1864,Forest,16,151,89,"Invasive Species, Habitat Loss, Human Conflict",37,55,"[2075, 2304, 1706, 1538, 1857, 1669, 1416, 1415, 2054, 1665]"
137,Qinling Panda,pandaus qinlingensis,Panda,Qinling,Vulnerable,1864,Forest,16,99,88,"Invasive Species, Poaching, Pollution",66,70,"[1881, 1546, 1688, 2317, 1969, 1573, 2052, 2103, 1723, 2218]"
138,Giant Panda,pandaus giantensis,Panda,Giant,Vulnerable,1864,Forest,20,78,73,"Deforestation, Disease",64,66,"[2159, 2310, 1774, 2335, 1705, 1958, 2020, 2217, 1498, 2346]"
139,Qinling Panda,pandaus qinlingensis,Panda,Qinling,Endangered,1864,Forest,15,129,89,"Invasive Species, Disease",41,77,"[1874, 1826, 2300, 1831, 1932, 1551, 2166, 1409, 2142, 1752]"
140,Giant Panda,pandaus giantensis,Panda,Giant,Endangered,1864,Forest,20,102,78,"Poaching, Habitat Loss",52,47,"[1452, 1559, 2173, 1884, 1521, 2171, 1779, 1400, 1770, 1525]"
141,Qinling Panda,pandaus qinlingensis,Panda,Qinling,Vulnerable,1864,Forest,19,147,88,"Human Conflict, Pollution",32,89,"[1369, 1438, 1724, 1933, 1768, 2152, 1519, 2093, 2109, 1473]"
142,Giant Panda,pandaus giantensis,Panda,Giant,Vulnerable,1864,Forest,15,159,74,"Human Conflict, Invasive Species, Habitat Loss",83,81,"[2070, 1501, 1554, 1800, 1941, 1808, 1406, 1461, 1577, 1371]"
143,Qinling Panda,pandaus qinlingensis,Panda,Qinling,Endangered,1864,Forest,19,94,84,"Poaching, Invasive Species, Disease",59,51,"[1938, 1941, 1704, 1868, 1896, 1816, 2179, 1995, 1624, 2160]"
144,Qinling Panda,pandaus qinlingensis,Panda,Qinling,Vulnerable,1864,Forest,20,70,70,"Invasive Species, Habitat Loss, Climate Change",32,52,"[2253, 1651, 2174, 1647, 1969, 1897, 1768, 2077, 1419, 1890]"
145,Giant Panda,pandaus giantensis,Panda,Giant,Endangered,1864,Forest,15,84,78,"Invasive Species, Habitat Loss, Deforestation",72,78,"[2012, 1839, 1461, 1683, 1680, 1491, 2249, 2339, 2165, 1907]"
146,Cross River Gorilla,gorillaus cross riverensis,Gorilla,Cross River,Endangered,100000,Rainforest,36,206,150,"Habitat Loss, Invasive Species, Disease",78,72,"[100311, 99586, 100285, 100450, 100442, 100312, 100486, 99543, 100426, 100089]"
147,Western Lowland Gorilla,gorillaus western lowlandensis,Gorilla,Western Lowland,Endangered,100000,Rainforest,35,152,175,"Climate Change, Invasive Species, Deforestation",38,79,"[99611, 100011, 99682, 100109, 100254, 100375, 100268, 100093, 100200, 99682]"
148,Mountain Gorilla,gorillaus mountainensis,Gorilla,Mountain,Critically Endangered,100000,Rainforest,38,183,163,"Invasive Species, Habitat Loss",70,55,"[100394, 99975, 99714, 99936, 99576, 100025, 100029, 99505, 100307, 100398]"
149,Mountain Gorilla,gorillaus mountainensis,Gorilla,Mountain,Endangered,100000,Rainforest,38,179,163,"Climate Change, Pollution, Deforestation",88,95,"[99884, 100425, 99972, 100163, 99742, 100071, 99614, 100322, 99790, 99981]"
150,Cross River Gorilla,gorillaus cross riverensis,Gorilla,Cross River,Endangered,100000,Rainforest,36,142,173,"Disease, Invasive Species, Habitat Loss",34,54,"[100054, 99682, 100396, 100012, 99996, 100016, 100039, 100355, 100059, 100081]"
151,Eastern Lowland Gorilla,gorillaus eastern lowlandensis,Gorilla,Eastern Lowland,Critically Endangered,100000,Rainforest,35,160,155,"Disease, Habitat Loss",34,61,"[100207, 100398, 100043, 99898, 100191, 99706, 99877, 100077, 100165, 99816]"
152,Mountain Gorilla,gorillaus mountainensis,Gorilla,Mountain,Endangered,100000,Rainforest,40,166,162,"Invasive Species, Climate Change, Deforestation",86,64,"[100389, 100218, 100255, 100160, 100417, 100263, 99956, 100223, 100139, 100441]"
153,Western Lowland Gorilla,gorillaus western lowlandensis,Gorilla,Western Lowland,Critically Endangered,100000,Rainforest,35,197,152,"Invasive Species, Climate Change",49,72,"[99733, 100168, 100125, 100201, 100025, 99644, 99841, 99581, 99821, 99628]"
154,Eastern Lowland Gorilla,gorillaus eastern lowlandensis,Gorilla,Eastern Lowland,Critically Endangered,100000,Rainforest,38,174,154,"Habitat Loss, Disease, Climate Change",48,75,"[99545, 99679, 100322, 99669, 100043, 100327, 100110, 100263, 100285, 100028]"
155,Western Lowland Gorilla,gorillaus western lowlandensis,Gorilla,Western Lowland,Critically Endangered,100000,Rainforest,35,159,169,"Human Conflict, Invasive Species",71,83,"[99786, 100284, 100061, 99719, 99885, 99925, 100028, 99708, 100092, 100465]"
156,Western Lowland Gorilla,gorillaus western lowlandensis,Gorilla,Western Lowland,Endangered,100000,Rainforest,36,145,144,"Pollution, Deforestation",80,57,"[100482, 100038, 100161, 100463, 99757, 99596, 100436, 100385, 99921, 100130]"
157,Eastern Lowland Gorilla,gorillaus eastern lowlandensis,Gorilla,Eastern Lowland,Critically Endangered,100000,Rainforest,35,206,168,"Pollution, Invasive Species, Deforestation",47,63,"[100246, 100307, 100215, 100165, 100352, 100134, 99738, 99749, 100010, 100363]"
158,Western Lowland Gorilla,gorillaus western lowlandensis,Gorilla,Western Lowland,Endangered,100000,Rainforest,35,201,166,"Habitat Loss, Disease, Invasive Species",81,81,"[100085, 100338, 99828, 100375, 99699, 99704, 99686, 100469, 100454, 99928]"
159,Mountain Gorilla,gorillaus mountainensis,Gorilla,Mountain,Endangered,100000,Rainforest,39,205,140,"Invasive Species, Climate Change, Pollution",69,78,"[100272, 99771, 100244, 99947, 100036, 99592, 100451, 100148, 100004, 100331]"
160,Cross River Gorilla,gorillaus cross riverensis,Gorilla,Cross River,Endangered,100000,Rainforest,36,218,166,"Habitat Loss, Climate Change, Disease",32,80,"[100424, 99882, 99672, 99517, 99528, 100442, 100490, 99685, 100133, 100058]"
161,Cross River Gorilla,gorillaus cross riverensis,Gorilla,Cross River,Endangered,100000,Rainforest,36,164,144,"Disease, Human Conflict",79,56,"[100332, 100481, 99798, 99964, 100302, 99636, 100378, 100393, 99948, 100350]"
162,Eastern Lowland Gorilla,gorillaus eastern lowlandensis,Gorilla,Eastern Lowland,Critically Endangered,100000,Rainforest,38,195,152,"Deforestation, Invasive Species",59,70,"[100018, 99858, 100052, 100155, 99672, 100294, 99989, 100377, 99975, 99663]"
163,Mountain Gorilla,gorillaus mountainensis,Gorilla,Mountain,Critically Endangered,100000,Rainforest,40,150,154,"Habitat Loss, Human Conflict, Climate Change",61,52,"[100322, 100135, 99666, 99730, 99516, 99596, 100327, 99731, 100262, 100306]"
164,Western Lowland Gorilla,gorillaus western lowlandensis,Gorilla,Western Lowland,Endangered,100000,Rainforest,40,171,143,"Disease, Invasive Species",89,53,"[99789, 99970, 99635, 100251, 99612, 99761, 99635, 99765, 99881, 99747]"
165,Eastern Lowland Gorilla,gorillaus eastern lowlandensis,Gorilla,Eastern Lowland,Critically Endangered,100000,Rainforest,40,213,164,"Poaching, Human Conflict",60,95,"[99959, 99790, 100076, 99837, 99780, 100082, 99614, 99665, 100462, 99740]"
166,Cross River Gorilla,gorillaus cross riverensis,Gorilla,Cross River,Critically Endangered,100000,Rainforest,39,135,143,"Habitat Loss, Deforestation",87,66,"[99567, 99597, 100086, 100350, 100338, 99688, 99935, 99600, 99718, 99804]"
167,Mountain Gorilla,gorillaus mountainensis,Gorilla,Mountain,Endangered,100000,Rainforest,39,148,155,"Deforestation, Habitat Loss, Climate Change",47,92,"[99685, 100132, 99853, 99969, 99715, 99547, 99910, 99511, 100027, 99813]"
168,Cross River Gorilla,gorillaus cross riverensis,Gorilla,Cross River,Critically Endangered,100000,Rainforest,36,202,172,"Disease, Deforestation, Habitat Loss",42,73,"[100363, 99773, 99856, 100177, 99809, 99602, 99717, 99574, 99673, 99787]"
169,Western Lowland Gorilla,gorillaus western lowlandensis,Gorilla,Western Lowland,Endangered,100000,Rainforest,35,148,168,"Invasive Species, Poaching, Disease",37,87,"[100411, 99543, 99618, 100475, 100009, 99667, 99510, 99824, 100111, 99949]"
170,Cross River Gorilla,gorillaus cross riverensis,Gorilla,Cross River,Critically Endangered,100000,Rainforest,37,216,174,"Deforestation, Invasive Species",88,66,"[99850, 99784, 99737, 99817, 100135, 100485, 100381, 100047, 99602, 100294]"
171,Eastern Lowland Gorilla,gorillaus eastern lowlandensis,Gorilla,Eastern Lowland,Critically Endangered,100000,Rainforest,38,212,174,"Deforestation, Pollution",57,83,"[99964, 100390, 99934, 100104, 99989, 100468, 100394, 100210, 99503, 100292]"
172,Mountain Gorilla,gorillaus mountainensis,Gorilla,Mountain,Endangered,100000,Rainforest,37,166,173,"Climate Change, Invasive Species, Poaching",68,76,"[100292, 99984, 100081, 99917, 100173, 100383, 99906, 100327, 100103, 100027]"
173,Western Lowland Gorilla,gorillaus western lowlandensis,Gorilla,Western Lowland,Critically Endangered,100000,Rainforest,35,173,171,"Human Conflict, Pollution",43,64,"[99692, 100243, 99710, 100087, 100118, 99894, 99667, 100075, 100082, 100087]"
174,Cross River Gorilla,gorillaus cross riverensis,Gorilla,Cross River,Critically Endangered,100000,Rainforest,39,193,176,"Deforestation, Human Conflict, Invasive Species",30,46,"[99821, 99786, 100321, 100339, 99513, 100436, 100214, 99671, 99894, 100219]"
175,Eastern Lowland Gorilla,gorillaus eastern lowlandensis,Gorilla,Eastern Lowland,Endangered,100000,Rainforest,36,175,151,"Invasive Species, Deforestation, Habitat Loss",41,49,"[99682, 100049, 99607, 100423, 99511, 100128, 99519, 99649, 99927, 100075]"
176,Cross River Gorilla,gorillaus cross riverensis,Gorilla,Cross River,Critically Endangered,100000,Rainforest,40,210,151,"Human Conflict, Disease",64,60,"[99995, 99706, 99545, 99814, 100363, 99940, 99836, 99800, 99927, 100098]"
177,Mountain Gorilla,gorillaus mountainensis,Gorilla,Mountain,Endangered,100000,Rainforest,36,156,145,"Disease, Human Conflict, Pollution",40,46,"[99755, 99940, 99555, 99925, 100339, 100021, 99959, 99720, 100241, 99705]"
178,Cross River Gorilla,gorillaus cross riverensis,Gorilla,Cross River,Critically Endangered,100000,Rainforest,40,144,180,"Poaching, Human Conflict, Habitat Loss",37,89,"[100481, 100212, 100066, 99967, 100264, 100482, 100435, 99659, 100432, 99960]"
179,Western Lowland Gorilla,gorillaus western lowlandensis,Gorilla,Western Lowland,Critically Endangered,100000,Rainforest,40,218,160,"Human Conflict, Deforestation",59,85,"[100052, 100226, 100126, 99863, 99547, 100314, 100245, 100240, 99837, 99819]"
180,Cross River Gorilla,gorillaus cross riverensis,Gorilla,Cross River,Critically Endangered,100000,Rainforest,38,141,144,"Pollution, Habitat Loss",33,91,"[100138, 100362, 100470, 99697, 99882, 99598, 100072, 99827, 100028, 99789]"
181,Snow Leopard,leopardus snowensis,Leopard,Snow,Vulnerable,250000,Forest,13,44,61,"Deforestation, Human Conflict, Climate Change",78,87,"[250200, 249557, 250142, 250086, 249852, 249570, 250173, 250073, 249559, 250207]"
182,African Leopard,leopardus africanensis,Leopard,African,Vulnerable,250000,Forest,15,61,79,"Habitat Loss, Poaching, Climate Change",49,45,"[250416, 250248, 250430, 250226, 249976, 249656, 249807, 249741, 249892, 250119]"
183,Indian Leopard,leopardus indianensis,Leopard,Indian,Endangered,250000,Forest,13,72,61,"Disease, Deforestation",58,91,"[249624, 249817, 250477, 249896, 250141, 249848, 249712, 249566, 250425, 250093]"
184,Arabian Leopard,leopardus arabianensis,Leopard,Arabian,Vulnerable,250000,Forest,17,85,68,"Deforestation, Habitat Loss, Invasive Species",41,77,"[250178, 250138, 249847, 250346, 249967, 249578, 249677, 250095, 250152, 249828]"
185,Amur Leopard,leopardus amurensis,Leopard,Amur,Vulnerable,250000,Forest,12,44,74,"Disease, Poaching, Human Conflict",86,70,"[250425, 249530, 249981, 249988, 250055, 250372, 250070, 249756, 250455, 250469]"
186,Arabian Leopard,leopardus arabianensis,Leopard,Arabian,Endangered,250000,Forest,12,36,62,"Climate Change, Deforestation, Poaching",46,67,"[250159, 250224, 249649, 250442, 250119, 250168, 249930, 249695, 250035, 249777]"
187,African Leopard,leopardus africanensis,Leopard,African,Endangered,250000,Forest,17,41,68,"Deforestation, Climate Change",61,83,"[250402, 249827, 249777, 249602, 249528, 250209, 249508, 250220, 250331, 249618]"
188,Amur Leopard,leopardus amurensis,Leopard,Amur,Vulnerable,250000,Forest,16,51,75,"Habitat Loss, Deforestation",90,61,"[249666, 250379, 250005, 250369, 250337, 250387, 249752, 250262, 250298, 250077]"
189,African Leopard,leopardus africanensis,Leopard,African,Vulnerable,250000,Forest,17,90,80,"Poaching, Deforestation",40,77,"[250331, 250275, 250353, 250458, 249502, 250088, 249719, 249653, 250423, 250164]"
190,Amur Leopard,leopardus amurensis,Leopard,Amur,Endangered,250000,Forest,12,56,69,"Poaching, Human Conflict",84,54,"[250310, 250353, 250297, 250452, 250310, 249709, 250192, 249549, 250175, 249725]"
191,Amur Leopard,leopardus amurensis,Leopard,Amur,Endangered,250000,Forest,14,44,72,"Deforestation, Disease, Invasive Species",82,49,"[249908, 249610, 250134, 249595, 250123, 249658, 249671, 249798, 249655, 249771]"
192,Snow Leopard,leopardus snowensis,Leopard,Snow,Vulnerable,250000,Forest,17,67,73,"Poaching, Habitat Loss, Disease",65,51,"[250441, 249973, 250085, 250269, 249529, 249984, 250147, 250083, 250331, 249566]"
193,African Leopard,leopardus africanensis,Leopard,African,Vulnerable,250000,Forest,17,62,67,"Habitat Loss, Disease",42,69,"[249644, 249780, 250441, 250070, 249856, 250002, 249807, 250188, 250010, 250149]"
194,African Leopard,leopardus africanensis,Leopard,African,Vulnerable,250000,Forest,17,82,75,"Disease, Invasive Species, Human Conflict",41,94,"[250379, 249522, 250447, 249774, 249988, 249843, 249726, 249689, 250216, 249625]"
195,Indian Leopard,leopardus indianensis,Leopard,Indian,Vulnerable,250000,Forest,15,56,80,"Deforestation, Disease, Habitat Loss",53,46,"[249565, 250026, 249850, 250043, 249575, 249788, 249663, 250040, 249589, 250293]"
196,Indian Leopard,leopardus indianensis,Leopard,Indian,Endangered,250000,Forest,15,84,60,"Human Conflict, Deforestation",80,86,"[250101, 250079, 249719, 250355, 250010, 250462, 249667, 250367, 250340, 250014]"
197,Amur Leopard,leopardus amurensis,Leopard,Amur,Endangered,250000,Forest,14,35,60,"Climate Change, Disease, Pollution",80,79,"[249660, 250140, 249847, 250381, 249981, 250067, 249504, 249965, 250450, 249799]"
198,Amur Leopard,leopardus amurensis,Leopard,Amur,Vulnerable,250000,Forest,13,62,76,"Deforestation, Pollution",53,87,"[249723, 250455, 249801, 250022, 249624, 249992, 249568, 250035, 249828, 249846]"
199,Amur Leopard,leopardus amurensis,Leopard,Amur,Vulnerable,250000,Forest,12,83,68,"Invasive Species, Climate Change",49,45,"[249654, 249545, 249570, 249842, 250090, 249970, 249544, 249538, 249601, 249821]"
200,African Leopard,leopardus africanensis,Leopard,African,Endangered,250000,Forest,13,50,65,"Deforestation, Climate Change",35,64,"[250273, 249518, 249628, 249762, 250500, 249803, 250266, 249743, 250415, 250199]"
201,Amur Leopard,leopardus amurensis,Leopard,Amur,Endangered,250000,Forest,16,54,74,"Poaching, Deforestation",80,76,"[250062, 250275, 250182, 250353, 250452, 249771, 250342, 250308, 250165, 249532]"
202,Arabian Leopard,leopardus arabianensis,Leopard,Arabian,Vulnerable,250000,Forest,13,65,67,"Human Conflict, Disease",35,84,"[250339, 249614, 250051, 249670, 250271, 249799, 250171, 250337, 250330, 250216]"
203,Arabian Leopard,leopardus arabianensis,Leopard,Arabian,Vulnerable,250000,Forest,12,38,68,"Poaching, Climate Change",58,53,"[249885, 249805, 249704, 250452, 250308, 250155, 250372, 249740, 250213, 249838]"
204,Amur Leopard,leopardus amurensis,Leopard,Amur,Vulnerable,250000,Forest,16,72,64,"Climate Change, Habitat Loss, Disease",30,66,"[249542, 250250, 250383, 250079, 249610, 250271, 250308, 249830, 249636, 250486]"
205,African Leopard,leopardus africanensis,Leopard,African,Vulnerable,250000,Forest,15,86,63,"Poaching, Deforestation",68,62,"[249913, 250220, 249719, 250272, 250452, 249542, 249830, 250241, 250185, 250272]"
206,Indian Leopard,leopardus indianensis,Leopard,Indian,Vulnerable,250000,Forest,16,32,74,"Habitat Loss, Invasive Species, Human Conflict",35,86,"[250291, 250116, 250086, 250445, 249822, 250451, 250149, 249906, 249779, 249927]"
207,Indian Leopard,leopardus indianensis,Leopard,Indian,Endangered,250000,Forest,13,83,77,"Human Conflict, Habitat Loss",36,48,"[250300, 250161, 249990, 250383, 249591, 250363, 249561, 250347, 250110, 249638]"
208,Arabian Leopard,leopardus arabianensis,Leopard,Arabian,Endangered,250000,Forest,17,36,73,"Disease, Climate Change",75,86,"[249853, 249635, 249535, 250441, 249932, 249688, 250145, 249798, 249982, 249853]"
209,Snow Leopard,leopardus snowensis,Leopard,Snow,Endangered,250000,Forest,14,45,71,"Deforestation, Human Conflict",64,56,"[250197, 250218, 249751, 250261, 250102, 249653, 249768, 250044, 249562, 250206]"
210,Snow Leopard,leopardus snowensis,Leopard,Snow,Vulnerable,250000,Forest,16,45,63,"Pollution, Deforestation, Habitat Loss",57,62,"[249881, 250283, 249596, 250187, 250370, 249840, 250206, 249580, 249523, 250294]"
211,African Leopard,leopardus africanensis,Leopard,African,Endangered,250000,Forest,14,67,71,"Habitat Loss, Pollution, Invasive Species",30,86,"[250486, 250382, 249695, 250336, 249597, 250168, 250316, 250329, 249680, 250317]"
212,Snow Leopard,leopardus snowensis,Leopard,Snow,Vulnerable,250000,Forest,14,54,76,"Climate Change, Habitat Loss, Invasive Species",79,43,"[249651, 249545, 249763, 250436, 250497, 249807, 250365, 249751, 249840, 250349]"
213,Snow Leopard,leopardus snowensis,Leopard,Snow,Vulnerable,250000,Forest,13,57,72,"Invasive Species, Pollution, Deforestation",76,67,"[250274, 249872, 250469, 250059, 249505, 249543, 249582, 249717, 249773, 249630]"
214,Arabian Leopard,leopardus arabianensis,Leopard,Arabian,Vulnerable,250000,Forest,17,40,79,"Deforestation, Habitat Loss",83,69,"[249547, 250300, 250256, 249794, 250298, 250052, 249803, 249558, 249585, 249982]"
215,Snow Leopard,leopardus snowensis,Leopard,Snow,Vulnerable,250000,Forest,12,64,63,"Human Conflict, Climate Change, Poaching",44,76,"[250470, 249652, 249959, 250211, 249785, 250369, 250383, 250456, 250323, 250324]"
216,Indian Leopard,leopardus indianensis,Leopard,Indian,Endangered,250000,Forest,13,77,79,"Human Conflict, Pollution",43,52,"[249912, 249828, 250321, 249991, 250452, 249624, 250219, 249670, 250153, 249878]"
217,Snow Leopard,leopardus snowensis,Leopard,Snow,Vulnerable,250000,Forest,12,77,72,"Human Conflict, Disease",67,82,"[249750, 249876, 249932, 250250, 249831, 249781, 250232, 249723, 249601, 249959]"
218,African Leopard,leopardus africanensis,Leopard,African,Endangered,250000,Forest,17,60,72,"Invasive Species, Poaching",32,89,"[250369, 249630, 249560, 249637, 249908, 249530, 249862, 249751, 250302, 249821]"
219,African Leopard,leopardus africanensis,Leopard,African,Endangered,250000,Forest,12,76,79,"Invasive Species, Deforestation, Habitat Loss",84,62,"[250200, 249962, 249503, 249645, 249604, 250369, 249684, 250455, 249674, 249519]"
220,African Leopard,leopardus africanensis,Leopard,African,Endangered,250000,Forest,16,89,62,"Disease, Poaching",84,53,"[249926, 249510, 250188, 250036, 249691, 249802, 250096, 250280, 249791, 249796]"
221,African Leopard,leopardus africanensis,Leopard,African,Vulnerable,250000,Forest,13,44,70,"Deforestation, Pollution, Invasive Species",86,45,"[250142, 250231, 249790, 249840, 250159, 249855, 250175, 249945, 250082, 250052]"
222,Snow Leopard,leopardus snowensis,Leopard,Snow,Vulnerable,250000,Forest,13,79,78,"Deforestation, Climate Change, Poaching",80,73,"[249645, 250397, 250171, 250312, 249791, 250257, 249892, 250337, 250313, 250297]"
223,Indian Leopard,leopardus indianensis,Leopard,Indian,Endangered,250000,Forest,15,33,77,"Climate Change, Human Conflict",63,57,"[249682, 249598, 250496, 249512, 250291, 249700, 250275, 249984, 250015, 250423]"
224,Amur Leopard,leopardus amurensis,Leopard,Amur,Vulnerable,250000,Forest,16,32,78,"Invasive Species, Poaching, Disease",81,90,"[249706, 249530, 249660, 250356, 249843, 249845, 250476, 250173, 249913, 249941]"
225,Amur Leopard,leopardus amurensis,Leopard,Amur,Endangered,250000,Forest,14,90,72,"Invasive Species, Poaching, Disease",33,68,"[250106, 250032, 249623, 250147, 250470, 249786, 250495, 250386, 250422, 250379]"
226,Orca Whale,whaleus orcaensis,Whale,Orca,Vulnerable,10000,Ocean,67,62529,989,"Disease, Deforestation",63,90,"[9558, 9559, 9762, 10415, 10297, 10010, 10418, 10002, 10045, 10189]"
227,Blue Whale,whaleus blueensis,Whale,Blue,Endangered,10000,Ocean,80,137875,525,"Pollution, Invasive Species, Climate Change",67,68,"[10475, 10474, 10073, 10214, 10461, 10123, 10407, 9507, 9614, 9887]"
228,Humpback Whale,whaleus humpbackensis,Whale,Humpback,Endangered,10000,Ocean,75,21080,848,"Deforestation, Habitat Loss",62,45,"[9626, 10493, 9914, 10065, 10069, 10341, 9766, 9671, 10064, 9890]"
229,Gray Whale,whaleus grayensis,Whale,Gray,Endangered,10000,Ocean,81,146990,2005,"Climate Change, Deforestation, Human Conflict",58,71,"[9758, 10403, 10117, 9537, 10173, 10281, 9881, 10085, 9631, 10190]"
230,Orca Whale,whaleus orcaensis,Whale,Orca,Endangered,10000,Ocean,87,76256,820,"Invasive Species, Human Conflict, Disease",90,45,"[10331, 9569, 10156, 10202, 10442, 10182, 9870, 10418, 9733, 9673]"
231,Blue Whale,whaleus blueensis,Whale,Blue,Endangered,10000,Ocean,59,72847,401,"Disease, Poaching",55,90,"[10146, 10198, 9728, 10243, 10026, 10108, 10353, 9631, 10260, 10066]"
232,Gray Whale,whaleus grayensis,Whale,Gray,Endangered,10000,Ocean,61,71050,2700,"Disease, Pollution",65,66,"[10053, 9840, 10266, 10427, 10032, 9576, 9782, 9542, 10109, 10409]"
233,Beluga Whale,whaleus belugaensis,Whale,Beluga,Vulnerable,10000,Ocean,41,58758,1214,"Deforestation, Pollution",40,52,"[10298, 10038, 10440, 9738, 10020, 9846, 10039, 10249, 9906, 10415]"
234,Gray Whale,whaleus grayensis,Whale,Gray,Vulnerable,10000,Ocean,53,65491,502,"Invasive Species, Habitat Loss, Human Conflict",89,47,"[9781, 10448, 10480, 9929, 9675, 9663, 9709, 9929, 10481, 10352]"
235,Blue Whale,whaleus blueensis,Whale,Blue,Vulnerable,10000,Ocean,66,83822,2612,"Pollution, Poaching",83,94,"[9825, 10330, 10364, 9560, 9886, 10103, 9931, 9898, 9808, 10440]"
236,Gray Whale,whaleus grayensis,Whale,Gray,Endangered,10000,Ocean,72,73453,718,"Climate Change, Human Conflict",67,93,"[10205, 9616, 9976, 9641, 9918, 9915, 9863, 9519, 10173, 10197]"
237,Blue Whale,whaleus blueensis,Whale,Blue,Endangered,10000,Ocean,50,121553,726,"Deforestation, Poaching, Disease",47,41,"[10076, 10340, 10466, 10466, 9726, 10389, 10470, 10114, 9998, 9969]"
238,Orca Whale,whaleus orcaensis,Whale,Orca,Endangered,10000,Ocean,58,101166,661,"Pollution, Invasive Species",41,66,"[10220, 10273, 9513, 9797, 10455, 9688, 10362, 9829, 9694, 10117]"
239,Beluga Whale,whaleus belugaensis,Whale,Beluga,Endangered,10000,Ocean,78,24635,2203,"Poaching, Pollution, Invasive Species",62,74,"[9966, 10104, 10161, 10163, 9853, 9561, 9982, 10291, 10272, 9682]"
240,Blue Whale,whaleus blueensis,Whale,Blue,Vulnerable,10000,Ocean,82,74237,1278,"Climate Change, Human Conflict, Habitat Loss",30,61,"[10203, 9799, 10402, 10282, 9912, 10212, 9555, 10341, 10319, 9676]"
241,Orca Whale,whaleus orcaensis,Whale,Orca,Vulnerable,10000,Ocean,50,124653,1066,"Deforestation, Habitat Loss, Invasive Species",52,64,"[10335, 9917, 9923, 9529, 10037, 10020, 9510, 9630, 9511, 9775]"
242,Humpback Whale,whaleus humpbackensis,Whale,Humpback,Vulnerable,10000,Ocean,82,31296,2127,"Deforestation, Habitat Loss, Climate Change",71,41,"[9633, 9884, 9891, 10074, 9906, 9566, 10139, 10050, 9843, 9517]"
243,Humpback Whale,whaleus humpbackensis,Whale,Humpback,Endangered,10000,Ocean,89,69535,1398,"Habitat Loss, Pollution, Disease",68,64,"[9876, 10467, 9965, 9999, 10337, 10356, 10120, 9840, 10481, 10144]"
244,Gray Whale,whaleus grayensis,Whale,Gray,Vulnerable,10000,Ocean,48,57380,2774,"Deforestation, Human Conflict, Climate Change",72,65,"[9688, 9505, 10135, 10143, 10163, 9512, 9660, 9950, 10104, 10275]"
245,Blue Whale,whaleus blueensis,Whale,Blue,Vulnerable,10000,Ocean,53,81547,2950,"Human Conflict, Deforestation",66,74,"[10284, 10386, 9532, 10001, 10223, 10422, 9692, 10338, 9590, 9710]"
246,Blue Whale,whaleus blueensis,Whale,Blue,Vulnerable,10000,Ocean,81,50660,1168,"Pollution, Deforestation, Human Conflict",67,54,"[9870, 9631, 9613, 9610, 10187, 10451, 10238, 10016, 9992, 10042]"
247,Beluga Whale,whaleus belugaensis,Whale,Beluga,Endangered,10000,Ocean,45,103618,1843,"Disease, Human Conflict, Deforestation",60,79,"[9525, 10055, 9538, 10334, 10102, 9756, 9656, 10094, 9673, 9924]"
248,Humpback Whale,whaleus humpbackensis,Whale,Humpback,Vulnerable,10000,Ocean,81,126776,2928,"Deforestation, Disease, Invasive Species",82,76,"[9916, 9607, 9717, 9981, 9974, 10114, 10038, 9708, 10107, 10156]"
249,Humpback Whale,whaleus humpbackensis,Whale,Humpback,Endangered,10000,Ocean,46,111593,1448,"Invasive Species, Poaching, Human Conflict",34,57,"[10261, 10015, 9665, 10192, 10167, 10258, 10077, 10409, 10344, 9535]"
250,Blue Whale,whaleus blueensis,Whale,Blue,Endangered,10000,Ocean,58,60243,731,"Poaching, Deforestation",44,43,"[10393, 10282, 9661, 9631, 10143, 9738, 10366, 10007, 10389, 9987]"
251,Orca Whale,whaleus orcaensis,Whale,Orca,Vulnerable,10000,Ocean,49,84016,2569,"Disease, Invasive Species",45,61,"[10062, 9513, 10346, 9659, 9881, 10448, 9893, 9895, 9817, 9510]"
252,Gray Whale,whaleus grayensis,Whale,Gray,Vulnerable,10000,Ocean,84,138210,2601,"Habitat Loss, Pollution, Invasive Species",49,83,"[9757, 9820, 10119, 10364, 10173, 10380, 9523, 9934, 10408, 9915]"
253,Beluga Whale,whaleus belugaensis,Whale,Beluga,Vulnerable,10000,Ocean,52,143722,826,"Deforestation, Climate Change, Disease",34,46,"[9784, 10351, 10288, 9546, 9964, 9766, 10348, 10362, 10348, 9599]"
254,Humpback Whale,whaleus humpbackensis,Whale,Humpback,Vulnerable,10000,Ocean,74,83204,2068,"Climate Change, Pollution, Habitat Loss",68,47,"[10421, 9946, 9966, 10115, 9969, 9556, 9755, 9736, 9751, 10411]"
255,Beluga Whale,whaleus belugaensis,Whale,Beluga,Endangered,10000,Ocean,90,24318,511,"Habitat Loss, Climate Change, Disease",37,80,"[9680, 10266, 10203, 10133, 10257, 9895, 10233, 10118, 9922, 9916]"
256,Orca Whale,whaleus orcaensis,Whale,Orca,Endangered,10000,Ocean,54,38520,2378,"Invasive Species, Disease",62,82,"[10003, 10177, 10349, 10091, 10091, 10271, 10086, 10342, 10456, 10482]"
257,Beluga Whale,whaleus belugaensis,Whale,Beluga,Vulnerable,10000,Ocean,74,98630,2090,"Pollution, Climate Change, Human Conflict",66,67,"[10312, 9714, 9559, 10236, 9825, 9684, 10145, 10201, 9628, 9878]"
258,Beluga Whale,whaleus belugaensis,Whale,Beluga,Vulnerable,10000,Ocean,58,51925,813,"Deforestation, Poaching, Invasive Species",73,74,"[10235, 9966, 9766, 10270, 9746, 9557, 10357, 10126, 9890, 10148]"
259,Beluga Whale,whaleus belugaensis,Whale,Beluga,Endangered,10000,Ocean,74,20787,480,"Poaching, Invasive Species, Habitat Loss",62,52,"[10186, 9657, 9826, 10358, 9627, 9651, 10165, 9949, 10243, 10243]"
260,Humpback Whale,whaleus humpbackensis,Whale,Humpback,Vulnerable,10000,Ocean,51,105661,482,"Pollution, Habitat Loss",48,62,"[9612, 10099, 10060, 9548, 10125, 9844, 9842, 10370, 10162, 10280]"
261,Blue Whale,whaleus blueensis,Whale,Blue,Vulnerable,10000,Ocean,50,114381,1713,"Disease, Invasive Species, Climate Change",76,79,"[9770, 9775, 9636, 10476, 10184, 9945, 9742, 10066, 9542, 9879]"
262,Blue Whale,whaleus blueensis,Whale,Blue,Endangered,10000,Ocean,82,142594,2734,"Climate Change, Pollution, Human Conflict",71,82,"[9651, 9538, 9594, 10268, 9598, 10453, 9888, 9680, 9841, 9675]"
263,Orca Whale,whaleus orcaensis,Whale,Orca,Vulnerable,10000,Ocean,74,73538,1576,"Pollution, Deforestation",77,94,"[10219, 10383, 10295, 9988, 9749, 10404, 10303, 10276, 10271, 9549]"
264,Gray Whale,whaleus grayensis,Whale,Gray,Vulnerable,10000,Ocean,44,39457,2354,"Habitat Loss, Pollution, Human Conflict",39,40,"[9801, 10463, 9601, 10211, 10159, 10205, 10381, 10032, 9958, 10216]"
265,Orca Whale,whaleus orcaensis,Whale,Orca,Endangered,10000,Ocean,78,29458,1433,"Disease, Climate Change, Habitat Loss",69,73,"[10148, 9757, 10318, 10263, 9988, 10283, 9953, 9576, 9619, 9727]"
266,Red Wolf,wolfus redensis,Wolf,Red,Vulnerable,200000,Forest,7,75,68,"Deforestation, Invasive Species",87,82,"[200188, 199873, 200302, 199956, 199941, 200175, 200072, 200040, 200476, 200456]"
267,Red Wolf,wolfus redensis,Wolf,Red,Vulnerable,200000,Forest,7,57,71,"Climate Change, Pollution",40,51,"[200327, 199944, 199751, 200249, 199501, 200044, 199578, 200053, 199958, 200330]"
268,Ethiopian Wolf,wolfus ethiopianensis,Wolf,Ethiopian,Least Concern,200000,Forest,8,48,71,"Climate Change, Poaching",58,87,"[200231, 200279, 199817, 199786, 199504, 200083, 200203, 200282, 200438, 199715]"
269,Timber Wolf,wolfus timberensis,Wolf,Timber,Vulnerable,200000,Forest,10,46,72,"Disease, Pollution",67,55,"[199695, 199812, 200169, 200159, 199897, 200122, 199951, 199857, 199856, 200130]"
270,Timber Wolf,wolfus timberensis,Wolf,Timber,Least Concern,200000,Forest,9,69,78,"Deforestation, Habitat Loss",40,70,"[200385, 200361, 200444, 200458, 200210, 199652, 200478, 200013, 199718, 199530]"
271,Gray Wolf,wolfus grayensis,Wolf,Gray,Least Concern,200000,Forest,12,49,80,"Pollution, Poaching",68,64,"[199605, 199800, 199578, 199600, 200157, 199755, 199631, 199915, 200436, 199590]"
272,Ethiopian Wolf,wolfus ethiopianensis,Wolf,Ethiopian,Vulnerable,200000,Forest,12,53,85,"Disease, Pollution, Invasive Species",89,94,"[199938, 199660, 200293, 200139, 199814, 199798, 200498, 199545, 199988, 199956]"
273,Gray Wolf,wolfus grayensis,Wolf,Gray,Least Concern,200000,Forest,9,69,66,"Pollution, Invasive Species, Deforestation",43,58,"[200181, 200125, 199912, 200399, 200117, 199504, 200221, 200118, 200281, 199807]"
274,Arctic Wolf,wolfus arcticensis,Wolf,Arctic,Vulnerable,200000,Forest,12,45,82,"Disease, Habitat Loss, Climate Change",73,82,"[200469, 200028, 200328, 200419, 199826, 199984, 200074, 199694, 200148, 200051]"
275,Red Wolf,wolfus redensis,Wolf,Red,Vulnerable,200000,Forest,8,59,82,"Habitat Loss, Invasive Species, Climate Change",36,61,"[200305, 200363, 200317, 200330, 200191, 200308, 199619, 199639, 200464, 199753]"
276,Ethiopian Wolf,wolfus ethiopianensis,Wolf,Ethiopian,Least Concern,200000,Forest,10,36,77,"Pollution, Invasive Species",73,42,"[200153, 199566, 199563, 199679, 200075, 200032, 200354, 199577, 200421, 200009]"
277,Gray Wolf,wolfus grayensis,Wolf,Gray,Vulnerable,200000,Forest,7,38,60,"Poaching, Disease, Deforestation",65,66,"[199983, 200309, 199935, 199846, 200475, 199749, 199754, 200263, 199882, 200066]"
278,Red Wolf,wolfus redensis,Wolf,Red,Vulnerable,200000,Forest,6,51,61,"Disease, Invasive Species",79,80,"[199839, 200115, 200271, 199614, 200221, 199572, 200435, 199642, 199557, 199961]"
279,Timber Wolf,wolfus timberensis,Wolf,Timber,Least Concern,200000,Forest,9,31,70,"Pollution, Deforestation",70,70,"[200084, 199622, 199818, 200388, 199715, 200096, 200286, 199622, 199737, 199990]"
280,Timber Wolf,wolfus timberensis,Wolf,Timber,Vulnerable,200000,Forest,12,67,69,"Habitat Loss, Disease",52,66,"[200225, 199752, 199773, 199933, 199531, 200337, 199513, 200145, 200474, 200025]"
281,Timber Wolf,wolfus timberensis,Wolf,Timber,Vulnerable,200000,Forest,12,62,64,"Disease, Habitat Loss, Pollution",42,75,"[199948, 200393, 199612, 200030, 199745, 199991, 199978, 199780, 199832, 199928]"
282,Arctic Wolf,wolfus arcticensis,Wolf,Arctic,Vulnerable,200000,Forest,10,39,70,"Pollution, Poaching, Invasive Species",78,66,"[200498, 200121, 199993, 199967, 200476, 199617, 199957, 199900, 200473, 199994]"
283,Gray Wolf,wolfus grayensis,Wolf,Gray,Vulnerable,200000,Forest,6,36,80,"Habitat Loss, Climate Change",76,55,"[200348, 199740, 199693, 199511, 200256, 200007, 200436, 199567, 200419, 199709]"
284,Arctic Wolf,wolfus arcticensis,Wolf,Arctic,Least Concern,200000,Forest,13,63,84,"Pollution, Deforestation",58,83,"[199884, 200400, 199779, 199937, 199743, 199596, 199661, 200499, 200081, 199668]"
285,Timber Wolf,wolfus timberensis,Wolf,Timber,Least Concern,200000,Forest,8,59,74,"Pollution, Human Conflict, Poaching",37,59,"[199924, 200427, 200291, 200500, 200287, 199568, 200220, 200164, 200059, 200266]"
286,Ethiopian Wolf,wolfus ethiopianensis,Wolf,Ethiopian,Least Concern,200000,Forest,7,59,83,"Pollution, Disease",90,62,"[199968, 200427, 199738, 199866, 199878, 200378, 200148, 199838, 200097, 200101]"
287,Timber Wolf,wolfus timberensis,Wolf,Timber,Vulnerable,200000,Forest,12,46,74,"Poaching, Pollution, Invasive Species",60,83,"[199707, 200496, 199548, 199921, 199615, 199660, 200091, 200330, 199980, 200013]"
288,Timber Wolf,wolfus timberensis,Wolf,Timber,Vulnerable,200000,Forest,6,78,64,"Deforestation, Human Conflict",35,54,"[199661, 199693, 199957, 199839, 199507, 199746, 200447, 199959, 199827, 200195]"
289,Timber Wolf,wolfus timberensis,Wolf,Timber,Least Concern,200000,Forest,13,70,62,"Climate Change, Human Conflict",44,41,"[199876, 199874, 200205, 199919, 199542, 200342, 200284, 199642, 200415, 200481]"
290,Arctic Wolf,wolfus arcticensis,Wolf,Arctic,Vulnerable,200000,Forest,11,55,75,"Climate Change, Pollution",62,75,"[199690, 199960, 199882, 200482, 199764, 200176, 200287, 199741, 200298, 199974]"
291,Red Wolf,wolfus redensis,Wolf,Red,Vulnerable,200000,Forest,13,60,80,"Pollution, Habitat Loss, Human Conflict",60,93,"[199621, 199935, 200391, 200074, 199815, 200277, 199685, 199507, 199969, 199516]"
292,Ethiopian Wolf,wolfus ethiopianensis,Wolf,Ethiopian,Least Concern,200000,Forest,6,56,65,"Human Conflict, Climate Change",51,56,"[199916, 199796, 199850, 199699, 200479, 199536, 199630, 200143, 199984, 199587]"
293,Red Wolf,wolfus redensis,Wolf,Red,Vulnerable,200000,Forest,8,68,62,"Disease, Poaching",83,82,"[199770, 199690, 200495, 199725, 200025, 199647, 200493, 200458, 199599, 200233]"
294,Ethiopian Wolf,wolfus ethiopianensis,Wolf,Ethiopian,Vulnerable,200000,Forest,11,78,79,"Pollution, Invasive Species, Deforestation",42,47,"[199762, 199827, 199563, 199813, 199748, 200106, 199557, 199823, 200227, 199754]"
295,Arctic Wolf,wolfus arcticensis,Wolf,Arctic,Least Concern,200000,Forest,9,69,65,"Deforestation, Human Conflict, Disease",49,77,"[200245, 200402, 199512, 200379, 200287, 199569, 200131, 200279, 199811, 200023]"
296,Ethiopian Wolf,wolfus ethiopianensis,Wolf,Ethiopian,Vulnerable,200000,Forest,13,35,76,"Pollution, Habitat Loss",51,93,"[200028, 200275, 199788, 199867, 200372, 200033, 200096, 199729, 200191, 200085]"
297,Ethiopian Wolf,wolfus ethiopianensis,Wolf,Ethiopian,Least Concern,200000,Forest,10,78,82,"Pollution, Disease, Climate Change",84,91,"[199854, 199527, 200300, 200437, 200236, 200226, 199539, 200386, 200113, 199916]"
298,Ethiopian Wolf,wolfus ethiopianensis,Wolf,Ethiopian,Least Concern,200000,Forest,10,80,76,"Disease, Poaching",51,75,"[199957, 200117, 200319, 200163, 200448, 199653, 200485, 199685, 199850, 200346]"
299,Red Wolf,wolfus redensis,Wolf,Red,Vulnerable,200000,Forest,12,79,78,"Poaching, Pollution",78,52,"[200020, 200072, 200289, 199632, 200336, 199553, 199749, 200419, 200050, 200105]"
300,Gray Wolf,wolfus grayensis,Wolf,Gray,Least Concern,200000,Forest,12,77,66,"Deforestation, Climate Change",35,79,"[199725, 200489, 200135, 200193, 199640, 199602, 200462, 199799, 199783, 199848]"
301,Ethiopian Wolf,wolfus ethiopianensis,Wolf,Ethiopian,Least Concern,200000,Forest,8,72,65,"Habitat Loss, Pollution, Human Conflict",84,84,"[199954, 200135, 199953, 200144, 200286, 199511, 199639, 199635, 199619, 200027]"
302,Gray Wolf,wolfus grayensis,Wolf,Gray,Vulnerable,200000,Forest,11,54,82,"Climate Change, Deforestation",64,67,"[199661, 199795, 199708, 199777, 199719, 199868, 200463, 199616, 199510, 199973]"
303,Gray Wolf,wolfus grayensis,Wolf,Gray,Least Concern,200000,Forest,10,42,68,"Climate Change, Deforestation",84,51,"[199791, 199539, 200039, 199969, 199733, 200050, 199648, 200206, 199729, 199568]"
304,Red Wolf,wolfus redensis,Wolf,Red,Vulnerable,200000,Forest,12,48,76,"Disease, Climate Change, Invasive Species",83,89,"[200435, 199618, 199666, 200269, 199631, 199526, 200025, 200314, 200018, 199750]"
305,Red Wolf,wolfus redensis,Wolf,Red,Vulnerable,200000,Forest,7,39,82,"Poaching, Disease",87,79,"[200410, 200297, 200349, 200287, 200409, 200093, 200465, 199633, 200044, 199515]"
306,Red Wolf,wolfus redensis,Wolf,Red,Vulnerable,200000,Forest,13,55,78,"Pollution, Climate Change",74,84,"[200111, 200141, 199516, 200401, 199636, 200356, 200323, 199790, 200073, 199707]"
307,Gray Wolf,wolfus grayensis,Wolf,Gray,Vulnerable,200000,Forest,8,63,60,"Poaching, Invasive Species",82,74,"[200250, 200411, 199802, 200078, 200426, 200042, 200437, 200456, 199845, 199617]"
308,Arctic Wolf,wolfus arcticensis,Wolf,Arctic,Least Concern,200000,Forest,11,66,72,"Poaching, Habitat Loss",51,48,"[199551, 200420, 199825, 200420, 200390, 199547, 200000, 200377, 200339, 199823]"
309,Red Wolf,wolfus redensis,Wolf,Red,Vulnerable,200000,Forest,12,32,78,"Deforestation, Invasive Species",80,50,"[199560, 199790, 199950, 199991, 200318, 199647, 200285, 200149, 200274, 199634]"
310,Timber Wolf,wolfus timberensis,Wolf,Timber,Least Concern,200000,Forest,7,78,84,"Climate Change, Habitat Loss, Disease",71,45,"[200030, 200206, 200331, 199929, 199578, 199742, 200054, 200398, 199902, 199620]"
311,Gray Wolf,wolfus grayensis,Wolf,Gray,Least Concern,200000,Forest,10,65,64,"Poaching, Pollution",38,81,"[199878, 199520, 200127, 200367, 199507, 199646, 199896, 200092, 199928, 200251]"
312,Arctic Wolf,wolfus arcticensis,Wolf,Arctic,Vulnerable,200000,Forest,9,65,72,"Deforestation, Poaching",76,76,"[199881, 200211, 199822, 199661, 200206, 200361, 199612, 199778, 200002, 200346]"
313,Gray Wolf,wolfus grayensis,Wolf,Gray,Least Concern,200000,Forest,12,50,74,"Poaching, Pollution",63,88,"[200072, 200288, 199604, 199774, 199561, 199930, 200343, 200142, 200120, 199747]"
314,Timber Wolf,wolfus timberensis,Wolf,Timber,Least Concern,200000,Forest,12,30,76,"Habitat Loss, Disease, Pollution",83,46,"[200324, 199957, 199916, 199668, 200468, 200441, 200391, 199610, 200353, 200341]"
315,Arctic Wolf,wolfus arcticensis,Wolf,Arctic,Least Concern,200000,Forest,8,51,85,"Poaching, Deforestation, Pollution",37,44,"[199639, 199609, 199531, 200064, 200348, 200322, 199788, 199809, 200297, 199511]"
316,Polar Bear,bearus polarensis,Bear,Polar,Vulnerable,500000,Arctic,29,470,184,"Pollution, Human Conflict",33,67,"[500087, 500172, 500353, 499879, 500059, 499817, 499695, 499838, 499961, 499965]"
317,Polar Bear,bearus polarensis,Bear,Polar,Least Concern,500000,Arctic,22,123,185,"Habitat Loss, Pollution, Deforestation",44,66,"[499864, 500014, 499524, 499749, 500062, 500389, 500153, 500375, 500086, 499820]"
318,Panda Bear,bearus pandaensis,Bear,Panda,Vulnerable,500000,Arctic,26,64,167,"Deforestation, Invasive Species, Habitat Loss",46,78,"[499859, 499987, 499893, 499535, 499924, 499784, 500242, 499868, 499604, 500039]"
319,Black Bear,bearus blackensis,Bear,Black,Least Concern,500000,Arctic,20,448,105,"Habitat Loss, Pollution, Human Conflict",58,53,"[500379, 499703, 500349, 499787, 500430, 500215, 499529, 499742, 500222, 500078]"
320,Sun Bear,bearus sunensis,Bear,Sun,Least Concern,500000,Arctic,28,87,118,"Human Conflict, Pollution, Disease",53,71,"[499648, 500231, 500460, 500294, 499620, 500417, 499717, 500260, 500304, 500167]"
321,Black Bear,bearus blackensis,Bear,Black,Least Concern,500000,Arctic,23,472,142,"Deforestation, Pollution, Poaching",60,86,"[499560, 499762, 500233, 500125, 500003, 499880, 499912, 499934, 500415, 500185]"
322,Panda Bear,bearus pandaensis,Bear,Panda,Vulnerable,500000,Arctic,26,89,274,"Deforestation, Invasive Species",85,60,"[500174, 500095, 499536, 499675, 500072, 500407, 500144, 500278, 500452, 499609]"
323,Panda Bear,bearus pandaensis,Bear,Panda,Least Concern,500000,Arctic,30,96,273,"Climate Change, Human Conflict, Pollution",37,62,"[499654, 500428, 499813, 499869, 499900, 500223, 499681, 499639, 499895, 499819]"
324,Black Bear,bearus blackensis,Bear,Black,Vulnerable,500000,Arctic,20,573,242,"Human Conflict, Disease",42,63,"[500212, 499871, 500242, 500339, 499807, 499805, 499622, 499889, 499538, 500077]"
325,Grizzly Bear,bearus grizzlyensis,Bear,Grizzly,Least Concern,500000,Arctic,25,430,282,"Habitat Loss, Disease",38,40,"[499926, 499713, 499761, 499803, 499893, 500073, 500018, 499707, 500238, 500443]"
326,Panda Bear,bearus pandaensis,Bear,Panda,Least Concern,500000,Arctic,28,472,153,"Climate Change, Habitat Loss, Human Conflict",46,82,"[500180, 500120, 500070, 500140, 500311, 499786, 499981, 500408, 500113, 500117]"
327,Black Bear,bearus blackensis,Bear,Black,Vulnerable,500000,Arctic,26,679,212,"Human Conflict, Poaching",89,46,"[499719, 499517, 500094, 499526, 499636, 499795, 500346, 500306, 500032, 500414]"
328,Sun Bear,bearus sunensis,Bear,Sun,Least Concern,500000,Arctic,22,420,183,"Disease, Climate Change",69,94,"[499695, 499558, 499603, 500172, 500208, 499666, 500439, 499777, 499960, 499949]"
329,Panda Bear,bearus pandaensis,Bear,Panda,Vulnerable,500000,Arctic,21,276,230,"Climate Change, Deforestation",47,94,"[500220, 499940, 500194, 500034, 500254, 500423, 499728, 500301, 499978, 500049]"
330,Polar Bear,bearus polarensis,Bear,Polar,Least Concern,500000,Arctic,25,355,251,"Habitat Loss, Human Conflict",45,73,"[500437, 500162, 500466, 499724, 499504, 500402, 499527, 499814, 499589, 499747]"
331,Grizzly Bear,bearus grizzlyensis,Bear,Grizzly,Vulnerable,500000,Arctic,25,635,274,"Deforestation, Habitat Loss",42,75,"[499843, 500035, 499896, 499994, 500072, 499738, 499877, 499654, 499604, 499512]"
332,Black Bear,bearus blackensis,Bear,Black,Vulnerable,500000,Arctic,24,688,105,"Pollution, Disease, Invasive Species",40,43,"[500428, 500396, 500411, 500085, 499716, 499770, 500091, 499503, 500451, 499891]"
333,Panda Bear,bearus pandaensis,Bear,Panda,Vulnerable,500000,Arctic,23,116,105,"Poaching, Human Conflict, Climate Change",55,81,"[499712, 499669, 500207, 499827, 500011, 500106, 500457, 500063, 500090, 500174]"
334,Panda Bear,bearus pandaensis,Bear,Panda,Least Concern,500000,Arctic,30,507,205,"Poaching, Climate Change, Deforestation",58,67,"[499631, 499700, 499598, 499646, 500084, 499792, 499721, 500488, 499790, 499988]"
335,Polar Bear,bearus polarensis,Bear,Polar,Least Concern,500000,Arctic,29,69,197,"Habitat Loss, Climate Change",51,64,"[500196, 500245, 500405, 499723, 500083, 499944, 500386, 500188, 499827, 500092]"
336,Grizzly Bear,bearus grizzlyensis,Bear,Grizzly,Least Concern,500000,Arctic,28,379,201,"Climate Change, Deforestation",33,94,"[499800, 500014, 500299, 499683, 500429, 499840, 500325, 499648, 500369, 499789]"
337,Panda Bear,bearus pandaensis,Bear,Panda,Least Concern,500000,Arctic,23,151,249,"Poaching, Deforestation, Habitat Loss",34,92,"[500030, 500386, 499710, 499624, 500473, 500000, 499694, 500030, 500040, 500093]"
338,Polar Bear,bearus polarensis,Bear,Polar,Vulnerable,500000,Arctic,20,458,135,"Habitat Loss, Human Conflict, Poaching",45,88,"[500262, 499755, 499635, 499678, 499780, 499842, 499699, 499988, 500180, 500219]"
339,Polar Bear,bearus polarensis,Bear,Polar,Least Concern,500000,Arctic,21,235,128,"Pollution, Invasive Species, Human Conflict",55,66,"[500454, 499854, 499698, 500464, 500057, 499904, 499920, 499761, 499856, 500456]"
340,Panda Bear,bearus pandaensis,Bear,Panda,Vulnerable,500000,Arctic,23,466,130,"Human Conflict, Disease, Poaching",86,88,"[500258, 499568, 499948, 499891, 500481, 499932, 500087, 500140, 500484, 500113]"
341,Sun Bear,bearus sunensis,Bear,Sun,Vulnerable,500000,Arctic,20,501,288,"Deforestation, Climate Change",40,71,"[500021, 499842, 499854, 500487, 500033, 499780, 500108, 499799, 500329, 500188]"
342,Grizzly Bear,bearus grizzlyensis,Bear,Grizzly,Least Concern,500000,Arctic,29,653,191,"Deforestation, Disease, Pollution",87,86,"[499872, 500140, 499560, 500191, 500123, 499847, 499925, 499692, 500294, 499521]"
343,Grizzly Bear,bearus grizzlyensis,Bear,Grizzly,Least Concern,500000,Arctic,26,520,220,"Poaching, Deforestation, Human Conflict",48,89,"[500046, 500068, 500013, 500095, 499543, 500094, 500164, 499530, 499782, 500043]"
344,Grizzly Bear,bearus grizzlyensis,Bear,Grizzly,Least Concern,500000,Arctic,28,288,243,"Poaching, Deforestation",79,61,"[499830, 499934, 500283, 499645, 499644, 500320, 499847, 499706, 499620, 499510]"
345,Panda Bear,bearus pandaensis,Bear,Panda,Least Concern,500000,Arctic,22,512,260,"Deforestation, Human Conflict",43,93,"[500422, 500186, 500277, 500267, 500333, 499677, 500004, 500108, 499643, 499881]"
346,Grizzly Bear,bearus grizzlyensis,Bear,Grizzly,Vulnerable,500000,Arctic,26,617,266,"Poaching, Habitat Loss, Human Conflict",62,57,"[500034, 500288, 500118, 500135, 499632, 500225, 500107, 500340, 500399, 500309]"
347,Panda Bear,bearus pandaensis,Bear,Panda,Vulnerable,500000,Arctic,28,570,231,"Pollution, Poaching, Invasive Species",69,59,"[500474, 499941, 500006, 500457, 499621, 500235, 500311, 499834, 499897, 500440]"
348,Sun Bear,bearus sunensis,Bear,Sun,Vulnerable,500000,Arctic,21,555,235,"Pollution, Disease",70,68,"[500128, 499865, 499972, 500018, 500018, 499584, 500345, 500412, 499697, 500468]"
349,Panda Bear,bearus pandaensis,Bear,Panda,Vulnerable,500000,Arctic,29,316,112,"Pollution, Poaching, Deforestation",88,46,"[499632, 499870, 500146, 499697, 500388, 499752, 499502, 500263, 500179, 499594]"
350,Sun Bear,bearus sunensis,Bear,Sun,Vulnerable,500000,Arctic,26,428,265,"Invasive Species, Climate Change",49,49,"[499667, 500041, 499811, 500032, 500012, 499901, 500154, 500498, 500204, 500137]"
351,Steppe Eagle,eagleus steppeensis,Eagle,Steppe,Near Threatened,70000,Mountain,20,7,94,"Disease, Poaching, Deforestation",84,55,"[70375, 70100, 70415, 69551, 69997, 70329, 69571, 69684, 69939, 69812]"
352,Harpy Eagle,eagleus harpyensis,Eagle,Harpy,Near Threatened,70000,Mountain,26,4,83,"Habitat Loss, Pollution, Invasive Species",88,69,"[69728, 69689, 69842, 69821, 69826, 69883, 69720, 69914, 69627, 69799]"
353,Harpy Eagle,eagleus harpyensis,Eagle,Harpy,Near Threatened,70000,Mountain,26,7,80,"Poaching, Invasive Species, Habitat Loss",37,55,"[70062, 70465, 69609, 70169, 70390, 70472, 70176, 70126, 69609, 69716]"
354,Steppe Eagle,eagleus steppeensis,Eagle,Steppe,Least Concern,70000,Mountain,20,4,75,"Disease, Habitat Loss, Poaching",79,45,"[69750, 69548, 69759, 70083, 70388, 70378, 69750, 69691, 70215, 69672]"
355,Philippine Eagle,eagleus philippineensis,Eagle,Philippine,Near Threatened,70000,Mountain,26,3,79,"Human Conflict, Invasive Species, Habitat Loss",82,92,"[69883, 69912, 69791, 69673, 70152, 70207, 69835, 69750, 69985, 70084]"
356,Steppe Eagle,eagleus steppeensis,Eagle,Steppe,Least Concern,70000,Mountain,30,4,104,"Poaching, Habitat Loss, Human Conflict",83,55,"[70317, 69839, 70203, 70190, 70246, 70222, 70236, 70048, 69704, 69965]"
357,Golden Eagle,eagleus goldenensis,Eagle,Golden,Least Concern,70000,Mountain,28,4,88,"Human Conflict, Pollution, Invasive Species",55,81,"[69641, 70292, 70164, 69950, 70155, 69577, 69664, 69868, 70324, 69755]"
358,Steppe Eagle,eagleus steppeensis,Eagle,Steppe,Near Threatened,70000,Mountain,21,5,96,"Habitat Loss, Poaching, Human Conflict",85,74,"[69576, 69832, 70187, 70284, 69509, 70237, 69694, 70380, 69899, 70331]"
359,Bald Eagle,eagleus baldensis,Eagle,Bald,Near Threatened,70000,Mountain,30,3,103,"Habitat Loss, Human Conflict, Climate Change",74,71,"[70390, 69905, 70250, 69959, 70310, 70272, 69679, 69633, 69785, 69582]"
360,Bald Eagle,eagleus baldensis,Eagle,Bald,Near Threatened,70000,Mountain,30,7,99,"Human Conflict, Invasive Species, Pollution",80,76,"[69928, 69919, 70387, 69877, 70298, 70493, 69801, 69577, 70030, 69853]"
361,Steppe Eagle,eagleus steppeensis,Eagle,Steppe,Least Concern,70000,Mountain,21,4,79,"Pollution, Climate Change",60,53,"[69903, 70183, 70192, 69764, 70344, 70079, 69815, 70469, 70164, 69702]"
362,Golden Eagle,eagleus goldenensis,Eagle,Golden,Least Concern,70000,Mountain,26,5,96,"Pollution, Poaching",31,69,"[70128, 70237, 70326, 69971, 70374, 69940, 70466, 70105, 69636, 69666]"
363,Philippine Eagle,eagleus philippineensis,Eagle,Philippine,Least Concern,70000,Mountain,27,5,79,"Invasive Species, Poaching",44,74,"[70230, 69714, 69683, 69867, 69960, 70472, 69575, 69744, 70076, 69635]"
364,Steppe Eagle,eagleus steppeensis,Eagle,Steppe,Near Threatened,70000,Mountain,21,6,86,"Disease, Habitat Loss",76,46,"[70040, 70499, 69949, 70036, 70084, 70023, 70242, 70496, 70389, 70485]"
365,Golden Eagle,eagleus goldenensis,Eagle,Golden,Least Concern,70000,Mountain,30,6,88,"Pollution, Deforestation, Climate Change",47,59,"[70270, 69686, 70142, 69905, 70160, 69772, 69757, 70020, 69654, 70471]"
366,Philippine Eagle,eagleus philippineensis,Eagle,Philippine,Least Concern,70000,Mountain,23,7,101,"Deforestation, Climate Change, Human Conflict",42,56,"[69589, 69500, 69953, 70464, 70284, 69957, 69519, 69652, 69534, 70108]"
367,Harpy Eagle,eagleus harpyensis,Eagle,Harpy,Least Concern,70000,Mountain,25,3,87,"Pollution, Climate Change",35,58,"[70283, 69511, 70328, 69620, 70043, 69952, 69503, 69511, 69931, 69894]"
368,Golden Eagle,eagleus goldenensis,Eagle,Golden,Least Concern,70000,Mountain,30,5,89,"Pollution, Deforestation, Human Conflict",73,59,"[70371, 69871, 70265, 70272, 69657, 69687, 69869, 70069, 70210, 69835]"
369,Harpy Eagle,eagleus harpyensis,Eagle,Harpy,Least Concern,70000,Mountain,23,3,80,"Invasive Species, Disease",80,87,"[69669, 70224, 69705, 70488, 69665, 69555, 69732, 70260, 69563, 69708]"
370,Steppe Eagle,eagleus steppeensis,Eagle,Steppe,Near Threatened,70000,Mountain,29,6,92,"Deforestation, Human Conflict, Climate Change",46,62,"[69556, 70461, 69802, 70116, 69812, 70144, 69589, 69811, 69601, 70409]"
371,Golden Eagle,eagleus goldenensis,Eagle,Golden,Least Concern,70000,Mountain,25,5,94,"Habitat Loss, Invasive Species, Deforestation",33,47,"[69692, 70114, 69945, 69837, 70469, 70142, 70004, 70296, 69785, 70358]"
372,Golden Eagle,eagleus goldenensis,Eagle,Golden,Near Threatened,70000,Mountain,25,5,96,"Invasive Species, Poaching",84,83,"[69989, 70184, 69756, 69643, 70010, 70060, 69691, 69981, 69727, 69783]"
373,Philippine Eagle,eagleus philippineensis,Eagle,Philippine,Least Concern,70000,Mountain,30,5,89,"Habitat Loss, Disease",55,82,"[70421, 69559, 69902, 70072, 69586, 69626, 70151, 69870, 70075, 69665]"
374,Golden Eagle,eagleus goldenensis,Eagle,Golden,Least Concern,70000,Mountain,22,3,85,"Disease, Invasive Species, Human Conflict",43,80,"[70333, 70413, 69725, 69611, 70487, 69600, 70121, 69762, 70419, 70469]"
375,Steppe Eagle,eagleus steppeensis,Eagle,Steppe,Least Concern,70000,Mountain,24,7,84,"Human Conflict, Poaching",51,74,"[70085, 70387, 69716, 70246, 70007, 69859, 69986, 69926, 69896, 69555]"
376,Harpy Eagle,eagleus harpyensis,Eagle,Harpy,Least Concern,70000,Mountain,21,5,84,"Deforestation, Human Conflict",63,45,"[70053, 70248, 70442, 70437, 69605, 69538, 69706, 69739, 69811, 70329]"
377,Steppe Eagle,eagleus steppeensis,Eagle,Steppe,Least Concern,70000,Mountain,30,7,102,"Poaching, Disease",48,79,"[70229, 70377, 70370, 70277, 70475, 70236, 69851, 69642, 70197, 69770]"
378,Bald Eagle,eagleus baldensis,Eagle,Bald,Near Threatened,70000,Mountain,25,5,98,"Invasive Species, Disease",64,64,"[69987, 70135, 70299, 70227, 69518, 69918, 70112, 70144, 70106, 70341]"
379,Harpy Eagle,eagleus harpyensis,Eagle,Harpy,Least Concern,70000,Mountain,23,6,91,"Poaching, Habitat Loss",66,88,"[69746, 69507, 70229, 70154, 69785, 69760, 70374, 69880, 70376, 70067]"
380,Philippine Eagle,eagleus philippineensis,Eagle,Philippine,Least Concern,70000,Mountain,28,5,89,"Deforestation, Habitat Loss",59,70,"[70212, 70194, 69713, 70437, 69922, 70299, 69597, 70461, 69709, 69707]"
